symbol,date,close_to_close_pct,open_gap_pct,yahoo_pct,index_member,status
AARTIIND,2026-02-03,15.2,18.8,15.2,no,confirmed by Yahoo
AAVAS,2020-03-23,-20.0,-16.0,-20.0,yes,confirmed by Yahoo
ABFRL,2015-05-04,20.0,15.7,20.0,no,confirmed by Yahoo
ADANIENSOL,2024-11-21,-20.0,-20.0,-20.0,no,confirmed by Yahoo
ADANIGREEN,2024-11-21,-18.9,-17.9,-18.9,no,confirmed by Yahoo
ADANIPOWER,2024-06-03,15.7,15.1,15.7,no,confirmed by Yahoo
AJANTPHARM,2009-05-18,17.0,17.0,17.0,no,confirmed by Yahoo
ALBK,2020-03-06,-17.0,-16.6,,no,"unexplained, outside use"
ALKYLAMINE,2008-03-31,16.9,17.0,16.9,no,confirmed by Yahoo
ALKYLAMINE,2008-10-10,-19.2,-16.1,-19.2,no,confirmed by Yahoo
ALKYLAMINE,2008-10-21,15.2,18.8,15.2,no,confirmed by Yahoo
ALKYLAMINE,2009-03-04,16.0,16.8,16.0,no,confirmed by Yahoo
APARINDS,2008-11-03,15.6,18.1,15.6,no,confirmed by Yahoo
APARINDS,2026-02-03,19.6,15.8,19.6,yes,confirmed by Yahoo
ASHOKLEY,2009-05-18,16.6,17.5,16.6,no,confirmed by Yahoo
ASTERDM,2024-04-23,-22.2,-22.7,-22.2,no,confirmed by Yahoo
ASTRAZEN,2010-06-29,20.0,20.0,20.0,no,confirmed by Yahoo
ASTRAZEN,2014-03-03,20.0,20.0,20.0,no,confirmed by Yahoo
ASTRAZEN,2020-03-23,-19.1,-18.2,-19.1,no,confirmed by Yahoo
ATUL,2020-03-23,-16.3,-17.6,-16.3,yes,confirmed by Yahoo
AVANTIFEED,2017-05-15,20.0,17.0,20.0,no,confirmed by Yahoo
AVANTIFEED,2017-08-14,15.3,20.0,15.3,no,confirmed by Yahoo
AVANTIFEED,2026-02-03,20.0,20.0,20.0,no,confirmed by Yahoo
BAJAJFINSV,2008-10-10,-20.0,-18.0,-19.6,no,confirmed by Yahoo
BANDHANBNK,2018-10-01,-20.0,-15.9,-20.0,no,confirmed by Yahoo
BANDHANBNK,2020-03-26,39.3,3.9,39.3,no,intraday move
BANKBARODA,2009-05-18,16.3,18.5,16.3,no,confirmed by Yahoo
BANKBARODA,2017-10-25,31.4,10.0,31.4,no,intraday move
BANKINDIA,2017-10-25,34.1,10.0,34.1,yes,intraday move
BHARTIARTL,2009-05-18,25.4,18.8,25.4,yes,confirmed by Yahoo
BLUESTARCO,2009-05-18,20.0,20.0,20.0,no,confirmed by Yahoo
CANBK,2017-10-25,38.7,10.0,38.7,yes,intraday move
CARBORUNIV,2008-10-10,-16.9,-17.8,-16.9,no,confirmed by Yahoo
CARBORUNIV,2008-10-27,-16.5,-18.1,-16.5,no,confirmed by Yahoo
CENTRALBK,2017-10-25,15.8,19.0,15.8,yes,confirmed by Yahoo
CENTRALBK,2018-09-24,-16.8,-19.9,-16.8,yes,confirmed by Yahoo
CGPOWER,2019-08-20,-19.8,-19.8,-19.8,no,confirmed by Yahoo
CGPOWER,2019-08-21,-19.9,-19.9,-19.9,no,confirmed by Yahoo
CIEINDIA,2008-01-23,20.0,16.2,20.0,no,confirmed by Yahoo
CIEINDIA,2008-10-27,-16.0,-17.1,-16.0,no,confirmed by Yahoo
CIEINDIA,2008-11-17,-15.8,-15.6,-15.8,no,confirmed by Yahoo
CRISIL,2013-06-03,20.0,20.0,20.0,no,confirmed by Yahoo
DHANI,2008-10-10,-19.8,-17.4,,no,"unexplained, outside use"
DHFL,2018-09-21,-42.6,0.8,,yes,intraday move
DHFL,2019-08-06,31.9,-2.0,,yes,intraday move
DISHTV,2019-01-25,-33.2,0.7,-33.2,yes,intraday move
DLF,2009-05-18,25.0,19.7,25.0,yes,confirmed by Yahoo
ECLERX,2021-06-11,20.0,17.8,20.0,no,confirmed by Yahoo
EDELWEISS,2008-01-22,-22.6,-18.1,-15.7,no,"unexplained, outside use"
EDELWEISS,2008-01-23,28.1,15.7,22.3,no,"unexplained, outside use"
EICHERMOT,2008-11-03,19.7,17.9,19.7,no,confirmed by Yahoo
EMBDL,2009-05-18,28.1,18.2,28.1,no,confirmed by Yahoo
EMBDL,2015-06-22,30.1,10.0,30.1,no,confirmed by Yahoo
EMBDL,2017-04-17,40.0,2.3,40.0,no,intraday move
EMBDL,2026-05-06,20.0,20.0,20.0,no,confirmed by Yahoo
EMBDL,2026-05-07,20.0,20.0,20.0,no,confirmed by Yahoo
FACT,2019-07-03,15.5,15.2,15.5,no,confirmed by Yahoo
FACT,2020-04-09,16.2,16.8,16.2,no,confirmed by Yahoo
FCONSUMER,2021-12-20,19.7,19.0,19.7,no,confirmed by Yahoo
FCONSUMER,2022-04-25,-19.4,-19.4,-19.4,no,confirmed by Yahoo
FINCABLES,2008-10-28,16.6,17.5,,no,"unexplained, outside use"
FINEORG,2022-08-10,15.6,16.7,15.6,no,confirmed by Yahoo
FRETAIL,2020-03-13,-20.0,-20.0,-20.0,yes,confirmed by Yahoo
FRETAIL,2020-08-31,20.0,20.0,20.0,yes,confirmed by Yahoo
FRETAIL,2021-12-20,19.9,19.9,19.9,no,confirmed by Yahoo
GLAXO,2013-12-16,18.9,20.0,18.9,no,confirmed by Yahoo
GLENMARK,2008-10-27,-20.0,-19.2,-20.0,no,confirmed by Yahoo
GODREJIND,2009-05-07,17.6,20.0,,no,"unexplained, outside use"
GSKCONS,2009-05-18,18.7,18.7,,no,"unexplained, outside use"
GSKCONS,2012-11-26,20.0,20.0,,no,"unexplained, outside use"
GSPL,2024-04-22,-19.5,-16.6,,no,"unexplained, outside use"
GVT&D,2009-05-18,23.3,18.2,,no,"unexplained, outside use"
HAVELLS,2009-05-06,36.0,0.5,,no,intraday move
HEXAWARE,2009-02-12,66.3,1.7,,no,intraday move
HINDCOPPER,2012-11-26,-20.0,-20.0,,no,"unexplained, outside use"
HUDCO,2020-06-29,19.9,19.9,19.9,yes,confirmed by Yahoo
ICICIBANK,2009-05-18,23.0,18.3,23.0,yes,confirmed by Yahoo
IDBI,2020-06-01,19.9,19.6,19.9,yes,confirmed by Yahoo
IDEA,2019-11-19,36.0,9.0,36.0,no,intraday move
IDEA,2020-02-19,40.0,5.0,40.0,no,intraday move
IDEA,2020-03-13,33.3,-4.8,33.3,no,intraday move
IDEA,2020-03-18,-35.1,9.3,-35.1,no,intraday move
IGL,2012-04-10,-33.9,-13.1,-33.9,no,confirmed by Yahoo
IIFL,2009-05-18,23.8,16.7,23.8,no,confirmed by Yahoo
IIFL,2024-03-05,-20.0,-20.0,-20.0,no,confirmed by Yahoo
IIFL,2024-03-06,-20.0,-20.0,-20.0,no,confirmed by Yahoo
INDIANB,2009-05-18,15.3,18.1,15.3,no,confirmed by Yahoo
INDUSINDBK,2020-03-26,44.7,5.0,44.7,yes,intraday move
IOB,2017-10-25,19.8,19.4,19.8,yes,confirmed by Yahoo
IOB,2021-02-18,19.7,15.3,19.7,no,confirmed by Yahoo
ISEC,2020-03-23,-20.0,-17.8,,yes,real: COVID crash: Nifty 50 fell 12.98% on 2020-03-23; ISEC closed at its 20% lower circuit.
ITI,2009-05-18,20.1,20.1,,no,"unexplained, outside use"
ITI,2020-04-13,20.0,16.7,,no,"real: Closed at its 20% upper circuit (close equals high, 3.4 times the previous day's volume); no corporate action that month."
JETAIRWAYS,2019-04-18,-31.5,-10.0,-31.5,no,confirmed by Yahoo
JETAIRWAYS,2019-06-18,-40.8,-9.9,-40.8,no,intraday move
JETAIRWAYS,2019-06-20,89.9,-9.5,89.9,no,intraday move
JMFINANCIL,2008-09-08,20.1,17.7,20.1,no,confirmed by Yahoo
JPASSOCIAT,2009-05-18,19.3,17.5,,no,real: 2009-05-18 general-election result day: the whole market hit its upper circuit and trading was halted (Nifty +17.7%).
JSWSTEEL,2008-10-31,33.7,2.2,33.7,no,intraday move
KANSAINER,2008-03-18,20.0,16.5,21.2,no,confirmed by Yahoo
KIOCL,2018-09-19,-19.5,-20.0,-19.5,yes,confirmed by Yahoo
KPRMILL,2026-02-03,15.1,20.0,15.1,yes,confirmed by Yahoo
LICHSGFIN,2007-10-29,31.0,1.2,32.9,no,intraday move
LINDEINDIA,2019-01-25,-19.9,-20.0,-19.9,no,confirmed by Yahoo
LT,2009-05-18,24.5,15.3,24.5,yes,confirmed by Yahoo
M&M,2009-05-18,23.9,19.8,23.9,yes,confirmed by Yahoo
MAHABANK,2021-02-16,19.8,15.1,19.8,no,confirmed by Yahoo
MANAPPURAM,2014-01-09,19.8,18.8,19.8,no,confirmed by Yahoo
MCX,2013-08-02,-20.0,-20.0,-20.0,no,confirmed by Yahoo
MCX,2020-03-23,-16.2,-19.7,-16.2,no,confirmed by Yahoo
MINDTREE,2009-03-19,32.5,2.2,,no,intraday move
MOTILALOFS,2008-01-22,-19.0,-19.8,-19.0,no,confirmed by Yahoo
MUTHOOTFIN,2014-01-09,20.0,20.0,20.0,no,confirmed by Yahoo
NATCOPHARM,2017-10-04,20.0,18.3,20.0,yes,confirmed by Yahoo
NLCINDIA,2008-01-22,-30.6,-1.2,-30.6,no,intraday move
NMDC,2009-05-18,20.0,19.9,20.0,no,confirmed by Yahoo
NMDC,2009-11-10,20.0,19.6,20.0,no,confirmed by Yahoo
OFSS,2020-03-23,-16.2,-16.7,-16.2,no,confirmed by Yahoo
ONGC,2020-03-23,-16.5,-16.2,-16.5,yes,confirmed by Yahoo
PAYTM,2024-02-01,-20.0,-20.0,-20.0,yes,confirmed by Yahoo
PAYTM,2024-02-02,-20.0,-20.0,-20.0,yes,confirmed by Yahoo
PCJEWELLER,2014-05-22,19.2,15.0,19.2,no,confirmed by Yahoo
PCJEWELLER,2018-05-04,43.8,5.0,43.8,yes,intraday move
PCJEWELLER,2018-05-07,37.6,10.0,37.6,yes,intraday move
PEL,2009-02-26,16.7,20.0,,no,"unexplained, outside use"
PFIZER,2013-12-05,-25.0,-19.4,-25.0,no,confirmed by Yahoo
PNB,2017-10-25,46.2,10.0,46.2,no,intraday move
PNBHOUSING,2021-06-01,20.0,20.0,20.0,no,confirmed by Yahoo
POLICYBZR,2026-09-24,-36.0,-10.0,-36.0,yes,intraday move
POONAWALLA,2008-01-23,20.0,18.2,20.0,no,confirmed by Yahoo
RAMCOCEM,2008-01-23,16.7,18.2,16.7,no,confirmed by Yahoo
RANBAXY,2013-09-16,-30.3,-10.0,,yes,intraday move
RCOM,2008-10-10,-20.3,-19.8,-20.3,yes,confirmed by Yahoo
RCOM,2017-12-20,35.7,2.0,35.7,yes,intraday move
RCOM,2017-12-26,31.9,1.5,31.9,yes,intraday move
RCOM,2017-12-27,33.5,10.0,33.5,yes,intraday move
RCOM,2018-05-17,56.2,-1.0,56.2,no,intraday move
RCOM,2019-02-04,-34.9,-9.9,-34.9,no,intraday move
RELCAPITAL,2009-05-18,26.4,18.3,,yes,"real: 2009-05-18 general-election result day, market-wide upper circuit."
RELINFRA,2019-02-06,-32.1,-1.0,-32.1,yes,intraday move
RELINFRA,2019-06-20,34.9,-3.9,38.9,yes,intraday move
RPL,2009-05-18,18.0,16.1,,yes,"real: 2009-05-18 general-election result day, market-wide upper circuit."
RPOWER,2019-02-04,-34.8,-5.5,-34.8,yes,intraday move
RPOWER,2019-02-05,-30.2,-2.0,-30.2,yes,intraday move
SAMMAANCAP,2019-09-30,-34.4,-7.6,-34.4,no,intraday move
SAMMAANCAP,2020-03-19,-33.7,-9.9,-33.7,no,intraday move
SAMMAANCAP,2020-06-19,31.1,1.5,31.1,no,intraday move
SATYAMCOMP,2008-12-17,-30.7,-5.1,,yes,intraday move
SATYAMCOMP,2009-01-07,-77.5,0.0,,yes,intraday move
SATYAMCOMP,2009-01-09,-41.0,-10.6,,yes,real: Satyam's chairman disclosed the accounting fraud on 2009-01-07; the stock fell 78% on the 7th and kept falling. Intraday on heavy volume.
SATYAMCOMP,2009-01-12,44.8,20.0,,no,real: Rebound after the government moved to replace Satyam's board (2009-01-09 evening).
SATYAMCOMP,2009-01-15,-32.0,-9.5,,no,intraday move
SATYAMCOMP,2009-01-23,31.2,-1.2,,no,intraday move
SATYAMCOMP,2009-03-09,15.8,15.1,,no,"unexplained, outside use"
SIEMENS,2009-05-18,16.0,19.8,16.0,yes,confirmed by Yahoo
SPARC,2007-07-19,20.0,18.1,20.0,no,confirmed by Yahoo
STAR,2013-12-19,-57.6,-60.2,-57.6,no,confirmed by Yahoo
STLTECH,2008-01-22,-31.5,-12.9,-31.5,no,confirmed by Yahoo
STLTECH,2008-01-23,42.7,8.8,42.7,no,intraday move
SUNTV,2009-05-18,19.4,15.3,,no,"unexplained, outside use"
SUZLON,2008-10-24,-39.5,-3.7,-40.3,yes,intraday move
SUZLON,2013-02-28,-34.0,1.0,-34.0,no,intraday move
SUZLON,2015-02-16,19.8,18.8,19.8,no,confirmed by Yahoo
SUZLON,2020-01-03,20.0,20.0,20.0,no,confirmed by Yahoo
TATACHEM,2026-09-15,20.0,20.0,20.0,no,confirmed by Yahoo
TATAINVEST,2007-09-17,20.0,20.0,20.0,no,confirmed by Yahoo
TATAINVEST,2009-05-18,17.6,17.6,17.6,no,confirmed by Yahoo
TATAMTRDVR,2008-11-18,-19.0,-15.8,,no,"unexplained, outside use"
TATAMTRDVR,2021-10-13,20.0,18.0,,no,"unexplained, outside use"
TATASTEEL,2009-05-18,17.0,17.6,17.0,yes,confirmed by Yahoo
TCS,2009-05-18,15.5,19.0,15.5,yes,confirmed by Yahoo
TIMKEN,2008-01-22,-17.0,-15.0,,no,"unexplained, outside use"
TRIDENT,2013-08-13,15.4,17.3,15.4,no,confirmed by Yahoo
TRIDENT,2020-06-03,19.5,16.9,19.5,no,confirmed by Yahoo
TTKPRESTIG,2008-08-26,20.0,20.0,20.0,no,confirmed by Yahoo
TTML,2015-01-14,19.8,17.4,19.8,no,confirmed by Yahoo
TTML,2015-07-20,19.9,18.4,19.9,no,confirmed by Yahoo
TTML,2020-10-19,20.0,20.0,20.0,no,confirmed by Yahoo
TTML,2020-10-20,19.7,15.2,19.7,no,confirmed by Yahoo
TTML,2020-10-21,19.0,19.0,19.0,no,confirmed by Yahoo
TUBEINVEST,2008-11-04,19.2,17.4,,no,"unexplained, outside use"
TV18BRDCST,2009-05-18,17.9,17.8,,no,"unexplained, outside use"
TV18BRDCST,2012-01-03,20.0,20.0,,no,"unexplained, outside use"
UBL,2009-05-18,16.3,16.3,,no,"unexplained, outside use"
UNIONBANK,2008-01-23,22.3,15.9,22.3,no,confirmed by Yahoo
UNIONBANK,2017-10-25,34.2,10.0,34.2,yes,intraday move
UNITDSPR,2012-11-12,34.7,2.9,34.7,no,intraday move
UNITECH,2008-10-24,-49.7,-9.1,0.2,yes,intraday move
UNITECH,2008-10-27,37.6,-3.2,-31.1,yes,intraday move
UNITECH,2015-06-03,-35.7,0.0,-35.3,no,intraday move
UNOMINDA,2014-09-15,20.0,20.0,20.0,no,confirmed by Yahoo
UNOMINDA,2020-03-23,-19.7,-17.5,-19.7,no,confirmed by Yahoo
VAIBHAVGBL,2008-06-13,20.0,19.9,20.0,no,confirmed by Yahoo
VEDL,2009-05-18,15.5,16.6,15.5,no,confirmed by Yahoo
WELSPUNLIV,2008-01-23,19.3,15.4,19.3,no,confirmed by Yahoo
WELSPUNLIV,2016-08-22,-20.0,-20.0,-20.0,no,confirmed by Yahoo
WELSPUNLIV,2016-08-23,-20.0,-20.0,-20.0,no,confirmed by Yahoo
WELSPUNLIV,2026-02-03,19.7,20.0,19.7,no,confirmed by Yahoo
WHIRLPOOL,2020-03-23,-16.0,-19.7,-16.0,yes,confirmed by Yahoo
WHIRLPOOL,2025-01-30,-20.0,-20.0,-20.0,no,confirmed by Yahoo
YESBANK,2019-02-14,30.6,10.0,28.1,yes,intraday move
YESBANK,2019-10-03,32.8,10.0,32.8,yes,confirmed by Yahoo
YESBANK,2020-03-06,-56.1,-9.9,-56.1,yes,intraday move
YESBANK,2020-03-09,31.6,5.3,31.6,yes,intraday move
YESBANK,2020-03-11,35.5,9.9,35.5,yes,intraday move
YESBANK,2020-03-16,45.2,4.5,45.2,yes,intraday move
YESBANK,2020-03-17,58.1,10.0,58.1,yes,intraday move
YESBANK,2020-07-23,-19.2,-20.0,-19.2,no,confirmed by Yahoo
ZEEL,2021-09-14,40.0,10.0,40.0,yes,intraday move
ZEEL,2021-09-22,31.7,10.0,31.7,yes,intraday move
ZEEL,2024-01-23,-32.6,-10.0,-33.6,yes,intraday move
