month,strategy_pct,index_pct,difference_pts,buys,sells,open_lots,strategy_value,index_value
2008-02,-0.99,-1.68,0.69,10,0,10,990144,983212
2008-03,-13.06,-9.34,-3.72,0,0,10,860787,891333
2008-04,8.16,9.13,-0.97,0,0,10,931004,972718
2008-05,-3.53,-5.59,2.05,0,0,10,898106,918389
2008-06,-23.48,-16.97,-6.51,0,0,10,687230,762510
2008-07,-3.94,7.45,-11.40,0,10,0,660123,819349
2008-08,0.00,0.75,-0.75,0,0,0,660123,825507
2008-09,0.00,-9.93,9.93,0,0,0,660123,743520
2008-10,0.00,-26.37,26.37,0,0,0,660123,547458
2008-11,0.00,-4.52,4.52,0,0,0,660123,522705
2008-12,0.00,7.59,-7.59,0,0,0,660123,562353
2009-01,0.00,-2.68,2.68,0,0,0,660123,547304
2009-02,0.00,-3.82,3.82,0,0,0,660123,526386
2009-03,0.00,9.32,-9.32,0,0,0,660123,575444
2009-04,-0.11,15.00,-15.11,0,0,0,659414,661753
2009-05,0.00,28.08,-28.08,0,0,0,659414,847598
2009-06,0.00,-3.35,3.35,0,0,0,659414,819212
2009-07,12.05,8.32,3.73,10,0,10,738843,887344
2009-08,0.82,0.66,0.16,0,0,10,744885,893202
2009-09,8.82,9.13,-0.31,0,0,10,810616,974747
2009-10,-5.63,-7.24,1.61,0,0,10,764955,904194
2009-11,8.14,6.83,1.31,0,0,10,827238,965978
2009-12,3.63,3.39,0.25,0,0,10,857282,998687
2010-01,-7.85,-6.12,-1.73,7,7,10,789943,937548
2010-02,3.71,0.87,2.85,0,0,10,819270,945681
2010-03,5.35,6.66,-1.31,0,0,10,863087,1008675
2010-04,-0.27,0.59,-0.86,0,0,10,860765,1014619
2010-05,-5.13,-3.50,-1.63,0,0,10,816647,979132
2010-06,1.43,4.84,-3.41,0,0,10,828322,1026515
2010-07,0.30,1.13,-0.83,7,7,10,830800,1038154
2010-08,2.85,0.75,2.10,0,0,10,854495,1045983
2010-09,10.73,11.71,-0.98,0,0,10,946178,1168508
2010-10,1.10,-0.11,1.22,0,0,10,956621,1167187
2010-11,0.93,-2.56,3.49,0,0,10,965537,1137330
2010-12,4.11,4.69,-0.58,0,0,10,1005201,1190679
2011-01,-8.61,-10.23,1.62,5,5,10,918613,1068874
2011-02,-4.85,-3.11,-1.75,0,0,10,874037,1035671
2011-03,9.71,9.43,0.27,0,0,10,958870,1133381
2011-04,0.72,-1.41,2.13,0,0,10,965771,1117401
2011-05,-4.41,-3.15,-1.26,0,0,10,923180,1082223
2011-06,1.62,1.95,-0.33,0,0,10,938101,1103340
2011-07,-0.11,-2.79,2.68,0,10,0,937052,1072556
2011-08,0.00,-8.65,8.65,0,0,0,937052,979742
2011-09,0.00,-1.09,1.09,0,0,0,937052,969035
2011-10,0.00,7.82,-7.82,0,0,0,937052,1044793
2011-11,0.00,-9.27,9.27,0,0,0,937052,947956
2011-12,0.00,-4.30,4.30,0,0,0,937052,907204
2012-01,0.00,12.54,-12.54,0,0,0,937052,1020956
2012-02,0.00,3.60,-3.60,0,0,0,937052,1057670
2012-03,0.00,-1.61,1.61,0,0,0,937052,1040678
2012-04,-0.24,-0.89,0.66,0,0,0,934848,1031388
2012-05,0.00,-5.89,5.89,0,0,0,934848,970604
2012-06,0.00,7.61,-7.61,0,0,0,934848,1044455
2012-07,-1.12,-0.77,-0.35,10,0,10,924348,1036424
2012-08,1.50,0.69,0.81,0,0,10,938210,1043592
2012-09,8.25,8.51,-0.26,0,0,10,1015656,1132413
2012-10,-2.38,-1.42,-0.96,0,0,10,991444,1116343
2012-11,4.90,4.70,0.20,0,0,10,1040003,1168785
2012-12,-0.30,0.47,-0.77,0,0,10,1036831,1174238
2013-01,0.87,2.21,-1.34,8,8,10,1045854,1200204
2013-02,-5.81,-5.63,-0.18,0,0,10,985057,1132585
2013-03,1.48,-0.10,1.58,0,0,10,999606,1131451
2013-04,5.86,4.36,1.50,0,0,10,1058230,1180781
2013-05,-0.45,1.31,-1.75,0,0,10,1053503,1196207
2013-06,-1.22,-2.21,0.98,0,0,10,1040614,1169798
2013-07,4.26,-1.50,5.76,8,8,10,1084922,1152203
2013-08,-2.67,-4.64,1.97,0,0,10,1055941,1098694
2013-09,5.02,4.94,0.08,0,0,10,1108991,1153022
2013-10,5.86,9.92,-4.06,0,0,10,1173965,1267359
2013-11,-1.72,-1.94,0.22,0,0,10,1153768,1242799
2013-12,3.82,2.11,1.71,0,0,10,1197811,1269028
2014-01,1.97,-3.35,5.32,5,5,10,1221422,1226570
2014-02,6.75,3.12,3.63,0,0,10,1303916,1264877
2014-03,-6.21,6.87,-13.08,0,0,10,1222957,1351785
2014-04,1.93,-0.11,2.05,0,0,10,1246593,1350260
2014-05,-0.60,8.11,-8.71,0,0,10,1239119,1459728
2014-06,9.51,5.60,3.91,0,0,10,1356968,1541443
2014-07,-2.97,1.75,-4.71,8,8,10,1316708,1568386
2014-08,5.23,3.12,2.11,0,0,10,1385602,1617340
2014-09,2.48,0.17,2.30,0,0,10,1419935,1620154
2014-10,2.93,4.55,-1.63,0,0,10,1461521,1693946
2014-11,1.13,3.21,-2.08,0,0,10,1478019,1748313
2014-12,-3.13,-3.53,0.40,0,0,10,1431693,1686528
2015-01,9.10,6.37,2.73,8,8,10,1561928,1793939
2015-02,-1.62,0.42,-2.05,0,0,10,1536555,1801558
2015-03,0.83,-3.83,4.66,0,0,10,1549328,1732590
2015-04,-6.53,-3.64,-2.89,0,0,10,1448187,1669529
2015-05,3.23,3.16,0.07,0,0,10,1494976,1722360
2015-06,-0.80,-0.45,-0.36,0,0,10,1482957,1714630
2015-07,3.33,2.19,1.14,4,4,10,1532371,1752166
2015-08,-5.48,-6.53,1.05,0,0,10,1448365,1637749
2015-09,1.81,-0.21,2.02,0,0,10,1474574,1634267
2015-10,-0.49,1.57,-2.06,0,0,10,1467320,1659936
2015-11,-0.64,-1.60,0.96,0,0,10,1457934,1633424
2015-12,0.94,0.14,0.80,0,0,10,1471670,1635712
2016-01,0.26,-4.79,5.05,0,10,0,1475438,1557331
2016-02,0.00,-7.59,7.59,0,0,0,1475438,1439072
2016-03,0.00,10.98,-10.98,0,0,0,1475438,1597025
2016-04,-0.80,1.44,-2.24,0,0,0,1463569,1620016
2016-05,0.00,4.14,-4.14,0,0,0,1463569,1687130
2016-06,0.00,1.96,-1.96,0,0,0,1463569,1720124
2016-07,5.52,4.44,1.09,10,0,10,1544408,1796438
2016-08,4.19,1.82,2.37,0,0,10,1609179,1829134
2016-09,-2.56,-1.93,-0.63,0,0,10,1568048,1793874
2016-10,0.00,0.40,-0.40,0,0,10,1568122,1801092
2016-11,-6.04,-4.74,-1.30,0,0,10,1473374,1715669
2016-12,-2.57,-0.47,-2.10,0,0,10,1435526,1707599
2017-01,0.27,4.60,-4.33,0,10,0,1439356,1786130
2017-02,0.00,3.83,-3.83,0,0,0,1439356,1854538
2017-03,0.00,3.47,-3.47,0,0,0,1439356,1918918
2017-04,-0.12,1.42,-1.54,0,0,0,1437658,1946169
2017-05,0.00,3.46,-3.46,0,0,0,1437658,2013575
2017-06,0.00,-0.66,0.66,0,0,0,1437658,2000218
2017-07,5.72,6.12,-0.41,10,0,10,1519859,2122694
2017-08,1.49,-1.48,2.97,0,0,10,1542566,2091271
2017-09,-0.57,-1.25,0.68,0,0,10,1533723,2065126
2017-10,5.63,5.67,-0.04,0,0,10,1620046,2182142
2017-11,-0.65,-1.01,0.36,0,0,10,1609525,2160183
2017-12,3.13,2.97,0.15,0,0,10,1659830,2224423
2018-01,-2.07,4.76,-6.83,5,5,10,1625426,2330201
2018-02,-3.96,-4.69,0.73,0,0,10,1560983,2220833
2018-03,-4.20,-3.43,-0.76,0,0,10,1495444,2144560
2018-04,4.69,6.19,-1.49,0,0,10,1565645,2277227
2018-05,1.34,0.18,1.15,0,0,10,1586555,2281394
2018-06,1.89,0.02,1.86,0,0,10,1616536,2281958
2018-07,4.17,6.23,-2.05,7,7,10,1684003,2424030
2018-08,2.37,3.01,-0.63,0,0,10,1723981,2496885
2018-09,-8.28,-6.38,-1.90,0,0,10,1581243,2337665
2018-10,-2.80,-4.87,2.07,0,0,10,1536942,2223721
2018-11,5.45,4.74,0.71,0,0,10,1620717,2329203
2018-12,0.99,-0.07,1.06,0,0,10,1636823,2327596
2019-01,1.49,-0.24,1.73,6,6,10,1661163,2321929
2019-02,1.15,-0.22,1.37,0,0,10,1680301,2316833
2019-03,4.28,7.29,-3.01,0,0,10,1752221,2485710
2019-04,4.90,1.54,3.36,0,0,10,1838156,2523975
2019-05,2.76,1.62,1.14,0,0,10,1888911,2564931
2019-06,0.59,-0.90,1.49,0,0,10,1900046,2541791
2019-07,-10.01,-5.44,-4.57,4,4,10,1709833,2403453
2019-08,-2.04,-0.64,-1.40,0,0,10,1674930,2388147
2019-09,7.97,4.09,3.87,0,0,10,1808369,2485902
2019-10,3.73,3.70,0.03,0,0,10,1875806,2577897
2019-11,0.41,1.50,-1.10,0,0,10,1883459,2616657
2019-12,2.63,0.94,1.68,0,0,10,1932904,2641275
2020-01,0.44,-1.68,2.11,7,7,10,1941343,2596946
2020-02,-1.99,-6.33,4.34,0,0,10,1902616,2432452
2020-03,-26.67,-23.03,-3.64,0,0,10,1395212,1872359
2020-04,12.99,14.69,-1.70,0,0,10,1576436,2147439
2020-05,-5.19,-2.74,-2.44,0,0,10,1494695,2088552
2020-06,11.11,7.58,3.53,0,0,10,1660751,2246890
2020-07,1.14,7.70,-6.55,0,10,0,1679744,2419834
2020-08,0.00,2.97,-2.97,0,0,0,1679744,2491713
2020-09,0.00,-1.20,1.20,0,0,0,1679744,2461808
2020-10,0.00,3.69,-3.69,0,0,0,1679744,2552666
2020-11,0.00,11.44,-11.44,0,0,0,1679744,2844738
2020-12,0.00,7.83,-7.83,0,0,0,1679744,3067561
2021-01,-5.10,-2.46,-2.64,10,0,10,1594156,2992212
2021-02,0.69,6.71,-6.03,0,0,10,1605104,3193103
2021-03,8.32,1.17,7.15,0,0,10,1738667,3230477
2021-04,13.63,-0.36,13.99,0,0,10,1975666,3218817
2021-05,5.62,6.69,-1.07,0,0,10,2086690,3434186
2021-06,3.43,1.14,2.29,0,0,10,2158181,3473179
2021-07,6.56,0.44,6.12,6,6,10,2299727,3488423
2021-08,1.37,8.74,-7.38,0,0,10,2331138,3793343
2021-09,-0.45,2.89,-3.34,0,0,10,2320711,3902981
2021-10,5.00,0.42,4.58,0,0,10,2436726,3919416
2021-11,-7.03,-3.84,-3.19,0,0,10,2265431,3769033
2021-12,5.86,2.22,3.65,0,0,10,2398274,3852581
2022-01,-5.69,-0.06,-5.63,5,5,10,2261809,3850402
2022-02,-0.56,-2.98,2.42,0,0,10,2249109,3735699
2022-03,2.72,4.00,-1.27,0,0,10,2310395,3884973
2022-04,-10.85,-2.04,-8.81,0,0,10,2059742,3805882
2022-05,-7.24,-2.64,-4.60,0,0,10,1910701,3705552
2022-06,-10.61,-4.71,-5.90,0,0,10,1707973,3530906
2022-07,0.90,8.91,-8.01,0,10,0,1723285,3845465
2022-08,0.00,3.72,-3.72,0,0,0,1723285,3988361
2022-09,0.00,-3.74,3.74,0,0,0,1723285,3839028
2022-10,0.00,5.48,-5.48,0,0,0,1723285,4049574
2022-11,0.00,4.18,-4.18,0,0,0,1723285,4218727
2022-12,0.00,-3.48,3.48,0,0,0,1723285,4071848
2023-01,-4.20,-2.43,-1.77,10,0,10,1650862,3972794
2023-02,-4.88,-1.95,-2.93,0,0,10,1570307,3895233
2023-03,1.22,0.32,0.89,0,0,10,1589406,3907852
2023-04,6.00,4.10,1.90,0,0,10,1684783,4068221
2023-05,5.11,2.87,2.24,0,0,10,1770859,4184921
2023-06,3.89,3.70,0.19,0,0,10,1839798,4339931
2023-07,4.24,3.03,1.21,6,6,10,1917836,4471519
2023-08,-2.26,-2.31,0.04,0,0,10,1874460,4368404
2023-09,4.99,2.00,3.00,0,0,10,1968070,4455641
2023-10,-0.03,-2.74,2.71,0,0,10,1967493,4333390
2023-11,7.32,5.60,1.73,0,0,10,2111555,4575910
2023-12,11.23,7.94,3.29,0,0,10,2348669,4939158
2024-01,4.05,0.02,4.03,3,3,10,2443853,4940034
2024-02,3.16,1.32,1.84,0,0,10,2521003,5005096
2024-03,3.35,1.57,1.78,0,0,10,2605423,5083510
2024-04,-0.46,1.24,-1.71,0,0,10,2593349,5146797
2024-05,-0.18,0.03,-0.21,0,0,10,2588772,5148265
2024-06,5.10,6.77,-1.67,0,0,10,2720862,5496772
2024-07,4.88,4.00,0.88,6,6,10,2853624,5716450
2024-08,2.57,1.36,1.21,0,0,10,2926866,5794132
2024-09,4.59,2.28,2.31,0,0,10,3061065,5926138
2024-10,-10.95,-6.12,-4.84,0,0,10,2725743,5563586
2024-11,-2.23,-0.26,-1.97,0,0,10,2664979,5549307
2024-12,-3.76,-2.02,-1.74,0,0,10,2564873,5437474
2025-01,0.39,-0.45,0.84,0,10,0,2574896,5413073
2025-02,0.00,-5.79,5.79,0,0,0,2574896,5099925
2025-03,0.00,6.31,-6.31,0,0,0,2574896,5421746
2025-04,-2.35,3.48,-5.83,0,0,0,2514435,5610563
2025-05,0.00,1.92,-1.92,0,0,0,2514435,5718464
2025-06,0.00,3.37,-3.37,0,0,0,2514435,5910998
2025-07,-4.61,-2.77,-1.84,10,0,10,2398576,5747291
2025-08,-0.58,-11.51,10.93,0,0,10,2384664,5085857
total,138.47,408.59,-270.12,195,185,10,2384664,5085857
