symbol,from,to,added_by,removed_by
360ONE,2020-06-26,2021-09-30,ind_prs10062020,ind_prs15092021
360ONE,2025-03-28,,ind_prs21022025,
3MINDIA,2016-09-30,2026-09-30,start,ind_prs10082026
AARTIIND,2018-12-28,2019-03-29,ind_prs14122018,ind_prs25022019
AARTIIND,2019-12-27,2022-05-04,ind_prs16122019,ind_prs05042022
AARTIIND,2023-03-31,2024-03-28,ind_prs17022023_1,ind_prs28022024
AAVAS,2019-09-27,2023-09-29,ind_prs28082019,ind_prs17082023
ABB,2020-06-26,2023-03-31,ind_prs10062020,ind_prs17022023_1
ABBOTINDIA,2019-09-27,2020-06-26,ind_prs28082019,ind_prs10062020
ABBOTINDIA,2021-09-30,,ind_prs15092021,
ABCAPITAL,2019-03-29,,ind_prs25022019,
ABFRL,2016-09-30,2025-09-30,start,ind_prs22082025
ABIRLANUVO,2016-09-30,2017-05-26,start,ind_prs27042017
ABREL,2016-09-30,2018-12-28,start,ind_prs14122018
ACC,2023-09-29,2026-09-30,ind_prs17082023,ind_prs10082026
ADANIENSOL,2017-09-29,2020-03-19,ind_prs28082017,ind_prs16032020
ADANIENT,2016-09-30,2018-04-02,start,ind_prs21022018
ADANIENT,2020-09-25,2021-03-31,ind_prs20082020,ind_prs23022021
ADANIGREEN,2020-03-19,2020-09-25,ind_prs16032020,ind_prs20082020
ADANIPOWER,2016-09-30,2020-09-25,start,ind_prs20082020
ADANIPOWER,2023-03-31,2024-03-28,ind_prs17022023_1,ind_prs28022024
AFFLE,2021-09-30,2023-09-29,ind_prs15092021,ind_prs17082023
AIAENG,2016-09-30,,start,
AIIL,2026-03-30,,ind_prs23022026,
AJANTPHARM,2016-09-30,,start,
ALBK,2019-09-27,2019-12-27,ind_prs28082019,ind_prs16122019
ALKEM,2016-09-30,2020-09-25,start,ind_prs20082020
ALKEM,2021-09-30,,ind_prs15092021,
ALKYLAMINE,2021-09-30,2023-09-29,ind_prs15092021,ind_prs17082023
ANTHEM,2026-03-30,,ind_prs23022026,
APARINDS,2025-03-28,,ind_prs21022025,
APLAPOLLO,2021-09-30,,ind_prs15092021,
APLLTD,2016-09-30,2023-03-31,start,ind_prs17022023_1
APOLLOHOSP,2017-03-31,2021-03-31,ind_prs16022017,ind_prs23022021
APOLLOTYRE,2016-09-30,2022-09-30,start,ind_prs01092022
APOLLOTYRE,2023-03-31,2026-09-30,ind_prs17022023_1,ind_prs10082026
ARE&M,2016-09-30,2022-03-31,start,ind_prs24022022_1
ARVIND,2016-09-30,2018-06-29,start,ind_prs24052018
ASHOKLEY,2020-06-26,,ind_prs10062020,
ASTERDM,2026-09-30,,ind_prs10082026,
ASTRAL,2018-09-28,,ind_prs28082018,
ASTRAZEN,2020-09-25,2021-09-30,ind_prs20082020,ind_prs15092021
ATGL,2019-09-27,2022-09-30,ind_prs28082019,ind_prs01092022
ATGL,2025-03-28,,ind_prs21022025,
ATUL,2019-03-29,2024-09-30,ind_prs25022019,ind_prs23082024
AUBANK,2017-11-13,,ind_prs03112017,
AUROPHARMA,2022-03-31,,ind_prs24022022_1,
AVANTIFEED,2018-04-02,2019-03-29,ind_prs21022018,ind_prs25022019
AWL,2022-09-30,2023-03-31,ind_prs01092022,ind_prs17022023_1
AWL,2024-03-28,2026-09-30,ind_prs28022024,ind_prs10082026
BAJAJCON,2016-09-30,2017-09-29,start,ind_prs28082017
BAJAJHFL,2026-03-30,,ind_prs23022026,
BAJAJHLDNG,2016-09-30,2019-03-29,start,ind_prs25022019
BALKRISIND,2016-09-30,,start,
BANDHANBNK,2023-03-31,2025-09-30,ind_prs17022023_1,ind_prs22082025
BANKBARODA,2021-03-31,2021-09-30,ind_prs23022021,ind_prs15092021
BANKINDIA,2016-09-30,,start,
BATAINDIA,2016-09-30,2024-09-30,start,ind_prs23082024
BAYERCROP,2019-09-27,2025-03-28,ind_prs28082019,ind_prs21022025
BBTC,2018-12-28,2021-09-30,ind_prs14122018,ind_prs15092021
BDL,2023-09-29,,ind_prs17082023,
BEL,2019-03-29,2022-09-30,ind_prs25022019,ind_prs01092022
BERGEPAINT,2016-09-30,2019-09-27,start,ind_prs28082019
BERGEPAINT,2024-09-30,,ind_prs23082024,
BHARATFIN,2016-09-30,2018-12-28,start,ind_prs14122018
BHARATFORG,2017-03-31,,ind_prs16022017,
BHARTIHEXA,2024-09-30,,ind_prs23082024,
BHEL,2019-09-27,2024-09-30,ind_prs28082019,ind_prs23082024
BHEL,2025-03-28,,ind_prs21022025,
BIOCON,2016-09-30,2018-09-28,start,ind_prs28082018
BIOCON,2023-03-31,,ind_prs17022023_1,
BLUEDART,2016-09-30,2020-09-25,start,ind_prs20082020
BLUEDART,2021-09-30,2024-03-28,ind_prs15092021,ind_prs28022024
BLUESTARCO,2025-03-28,,ind_prs21022025,
BSE,2024-03-28,2026-09-30,ind_prs19032024,ind_prs10082026
CANBK,2016-09-30,2023-03-31,start,ind_prs17022023_1
CARBORUNIV,2023-09-29,2025-03-28,ind_prs17082023,ind_prs21022025
CASTROLIND,2017-03-31,2022-03-31,ind_prs16022017,ind_prs24022022_1
CENTRALBK,2016-09-30,2020-09-25,start,ind_prs20082020
CESC,2016-09-30,2018-02-05,start,ind_prs08012018
CESC,2019-09-27,2021-09-30,ind_prs28082019,ind_prs15092021
CGPOWER,2022-03-31,2025-03-28,ind_prs24022022_1,ind_prs21022025
CHOLAFIN,2016-09-30,2021-09-30,start,ind_prs15092021
CHOLAHLDNG,2018-02-05,2022-03-31,ind_prs08012018,ind_prs24022022_1
CIEINDIA,2016-09-30,2020-06-26,start,ind_prs10062020
CLEAN,2022-03-31,2023-09-29,ind_prs24022022_1,ind_prs17082023
COCHINSHIP,2024-09-30,,ind_prs23082024,
COFORGE,2020-06-26,,ind_prs10062020,
COHANCE,2021-03-31,2022-03-31,ind_prs23022021,ind_prs24022022_1
COLPAL,2024-09-30,,ind_prs23082024,
CONCOR,2021-03-31,,ind_prs23022021,
COROMANDEL,2016-09-30,,start,
CORPBANK,2019-09-27,2019-12-27,ind_prs28082019,ind_prs16122019
CREDITACC,2020-06-26,2021-09-30,ind_prs10062020,ind_prs15092021
CRISIL,2016-09-30,,start,
CROMPTON,2016-10-24,2024-03-28,ind_prs17102016,ind_prs28022024
CUB,2016-09-30,2022-03-31,start,ind_prs24022022_1
CUMMINSIND,2018-09-28,2026-03-30,ind_prs28082018,ind_prs23022026
CYIENT,2016-09-30,2017-09-29,start,ind_prs28082017
DABUR,2025-09-30,,ind_prs22082025,
DALBHARAT,2019-06-28,,ind_prs13062019,
DALMIABHA,2016-09-30,2018-04-02,start,ind_prs21022018
DBCORP,2016-09-30,2018-04-02,start,ind_prs21022018
DBL,2018-04-02,2019-09-27,ind_prs21022018,ind_prs28082019
DEEPAKNTR,2021-03-31,2026-03-30,ind_prs23022021,ind_prs23022026
DELHIVERY,2022-08-08,2025-03-28,ind_prs11072022,ind_prs21022025
DEVYANI,2022-09-30,2024-09-30,ind_prs01092022,ind_prs23082024
DHANI,2018-04-02,2022-03-31,ind_prs21022018,ind_prs24022022_1
DHFL,2016-09-30,2019-09-27,start,ind_prs28082019
DISHTV,2016-09-30,2019-09-27,start,ind_prs28082019
DIVISLAB,2017-09-29,2019-03-29,ind_prs28082017,ind_prs25022019
DIXON,2021-03-31,,ind_prs23022021,
ECLERX,2016-09-30,2017-09-29,start,ind_prs28082017
EDELWEISS,2016-09-30,2021-03-31,start,ind_prs23022021
EIHOTEL,2016-09-30,2020-09-25,start,ind_prs20082020
EMAMILTD,2018-09-28,2025-09-30,ind_prs28082018,ind_prs22082025
EMBASSY,2026-09-30,,ind_prs10082026,
EMBDL,2018-04-02,2018-09-28,ind_prs21022018,ind_prs28082018
ENDURANCE,2017-03-31,,ind_prs16022017,
ENGINERSIN,2016-09-30,2020-06-26,start,ind_prs10062020
ERIS,2019-03-29,2021-03-31,ind_prs25022019,ind_prs23022021
ESCORTS,2018-09-28,,ind_prs28082018,
EXIDEIND,2016-09-30,2022-09-30,start,ind_prs01092022
EXIDEIND,2024-09-30,,ind_prs23082024,
FACT,2023-09-29,2025-03-28,ind_prs17082023,ind_prs21022025
FACT,2025-09-30,2026-03-30,ind_prs22082025,ind_prs23022026
FACT,2026-09-30,,ind_prs10082026,
FCONSUMER,2018-04-02,2020-06-26,ind_prs21022018,ind_prs10062020
FEDERALBNK,2016-09-30,,start,
FINCABLES,2017-09-29,2019-09-27,ind_prs28082017,ind_prs28082019
FINEORG,2023-03-31,2023-09-29,ind_prs17022023_1,ind_prs17082023
FLUOROCHEM,2022-03-31,,ind_prs24022022_1,
FORTIS,2016-09-30,2018-02-05,start,ind_prs08012018
FORTIS,2019-09-27,,ind_prs28082019,
FRETAIL,2017-05-26,2017-10-30,ind_prs27042017,ind_prs16102017
FRETAIL,2018-06-29,2021-03-31,ind_prs24052018,ind_prs23022021
GESHIP,2016-09-30,2017-09-29,start,ind_prs28082017
GFLLIMITED,2016-09-30,2018-09-28,start,ind_prs28082018
GFLLIMITED,2019-03-29,2019-06-28,ind_prs25022019,ind_prs13062019
GICRE,2021-03-31,,ind_prs23022021,
GILLETTE,2016-09-30,2022-03-31,start,ind_prs24022022_1
GLAND,2023-03-31,2025-09-30,ind_prs17022023_1,ind_prs22082025
GLAXO,2018-04-02,,ind_prs21022018,
GLENMARK,2018-04-02,2022-09-30,ind_prs21022018,ind_prs01092022
GLENMARK,2025-03-28,,ind_prs21022025,
GMRAIRPORT,2016-09-30,2021-10-29,start,ind_prs22102021
GMRAIRPORT,2022-05-04,,ind_prs05042022,
GODFRYPHLP,2025-09-30,,ind_prs22082025,
GODREJAGRO,2018-04-02,2021-09-30,ind_prs21022018,ind_prs15092021
GODREJIND,2016-09-30,,start,
GODREJPROP,2016-09-30,,start,
GPPL,2016-09-30,2018-04-02,start,ind_prs21022018
GRAPHITE,2018-09-28,2020-06-26,ind_prs28082018,ind_prs10062020
GRINDWELL,2022-03-31,2025-03-28,ind_prs24022022_1,ind_prs21022025
GROWW,2026-03-30,,ind_prs23022026,
GRUH,2016-09-30,2019-09-27,start,ind_prs28082019
GSKCONS,2018-04-02,2019-09-27,ind_prs21022018,ind_prs28082019
GSPL,2016-09-30,2023-03-31,start,ind_prs17022023_1
GUJENERGY,2016-09-30,2026-03-30,start,ind_prs23022026
GVT&D,2016-09-30,2019-03-29,start,ind_prs25022019
GVT&D,2025-03-28,,ind_prs21022025,
HAL,2018-09-28,2022-09-30,ind_prs28082018,ind_prs01092022
HAPPSTMNDS,2022-03-31,2023-09-29,ind_prs24022022_1,ind_prs17082023
HATSUN,2018-02-05,2023-03-31,ind_prs08012018,ind_prs17022023_1
HAVELLS,2016-09-30,2016-10-24,start,ind_prs17102016
HAVELLS,2026-03-30,,ind_prs23022026,
HDBFS,2026-03-30,,ind_prs23022026,
HDFCAMC,2023-09-29,2026-03-30,ind_prs17082023,ind_prs23022026
HEGAM,2018-09-28,2020-06-26,ind_prs28082018,ind_prs10062020
HEROMOTOCO,2025-09-30,,ind_prs22082025,
HEXAWARE,2016-09-30,2020-09-25,start,ind_prs20082020
HEXT,2025-09-30,,ind_prs22082025,
HINDCOPPER,2016-09-30,2017-09-29,start,ind_prs28082017
HINDCOPPER,2021-09-30,2022-03-31,ind_prs15092021,ind_prs24022022_1
HINDCOPPER,2026-09-30,,ind_prs10082026,
HINDPETRO,2022-03-31,,ind_prs24022022_1,
HINDZINC,2021-03-31,2025-09-30,ind_prs23022021,ind_prs22082025
HONAUT,2016-09-30,2017-09-29,start,ind_prs28082017
HONAUT,2018-04-02,2026-09-30,ind_prs21022018,ind_prs10082026
HUDCO,2017-10-30,2021-03-31,ind_prs16102017,ind_prs23022021
HUDCO,2024-09-30,,ind_prs23082024,
ICICIAMC,2026-03-30,,ind_prs23022026,
ICICIGI,2018-04-02,2018-09-28,ind_prs21022018,ind_prs28082018
ICICIGI,2026-03-30,,ind_prs23022026,
ICICIPRULI,2025-09-30,,ind_prs22082025,
IDBI,2016-09-30,2020-09-25,start,ind_prs20082020
IDBI,2021-03-31,2021-09-30,ind_prs23022021,ind_prs15092021
IDBI,2022-03-31,2022-09-30,ind_prs24022022_1,ind_prs01092022
IDBI,2024-03-28,2025-03-28,ind_prs28022024,ind_prs21022025
IDBI,2025-09-30,2026-03-30,ind_prs22082025,ind_prs23022026
IDEA,2020-06-26,2026-09-30,ind_prs10062020,ind_prs10082026
IDFC,2016-09-30,2018-09-28,start,ind_prs28082018
IDFCFIRSTB,2016-09-30,,start,
IEX,2022-03-31,2023-03-31,ind_prs24022022_1,ind_prs17022023_1
IGL,2016-09-30,2020-06-26,start,ind_prs10062020
IGL,2022-03-31,2026-03-30,ind_prs24022022_1,ind_prs23022026
IIFL,2016-09-30,2017-06-23,start,ind_prs15062017
IIFL,2018-04-02,2018-12-28,ind_prs21022018,ind_prs14122018
INDHOTEL,2016-09-30,2025-03-28,start,ind_prs21022025
INDHOTEL,2026-09-30,,ind_prs10082026,
INDIAMART,2021-03-31,2023-03-31,ind_prs23022021,ind_prs17022023_1
INDIANB,2016-09-30,2020-06-26,start,ind_prs10062020
INDIANB,2021-09-30,,ind_prs15092021,
INDUSINDBK,2025-09-30,,ind_prs22082025,
INDUSTOWER,2023-09-29,,ind_prs17082023,
INOXWIND,2016-09-30,2017-03-31,start,ind_prs16022017
IOB,2016-09-30,2018-04-02,start,ind_prs21022018
IOB,2019-09-27,2020-09-25,ind_prs28082019,ind_prs20082020
IOB,2024-09-30,2025-03-28,ind_prs23082024,ind_prs21022025
IOB,2025-09-30,2026-03-30,ind_prs22082025,ind_prs23022026
IOB,2026-09-30,,ind_prs10082026,
IPCALAB,2016-09-30,2018-04-02,start,ind_prs21022018
IPCALAB,2019-03-29,,ind_prs25022019,
IRB,2016-09-30,2018-09-28,start,ind_prs28082018
IRB,2024-09-30,2026-03-30,ind_prs23082024,ind_prs23022026
IRCTC,2020-06-26,2022-09-30,ind_prs10062020,ind_prs01092022
IRCTC,2025-03-28,,ind_prs21022025,
IREDA,2024-09-30,,ind_prs23082024,
IRFC,2021-09-30,2024-03-28,ind_prs15092021,ind_prs28022024
ISEC,2018-09-28,2024-09-30,ind_prs28082018,ind_prs23082024
ITCHOTELS,2025-09-30,,ind_prs22082025,
ITI,2020-09-25,2022-03-31,ind_prs20082020,ind_prs24022022_1
JAGRAN,2016-09-30,2017-09-29,start,ind_prs28082017
JETAIRWAYS,2016-09-30,2017-03-31,start,ind_prs16022017
JINDALSTEL,2016-09-30,2021-09-30,start,ind_prs15092021
JINDALSTEL,2022-03-31,2023-07-13,ind_prs24022022_1,ind_prs04072023
JKCEMENT,2020-06-26,,ind_prs10062020,
JMFINANCIL,2017-09-29,2019-09-27,ind_prs28082017,ind_prs28082019
JMFINANCIL,2020-09-25,2021-09-30,ind_prs20082020,ind_prs15092021
JSL,2023-09-29,,ind_prs17082023,
JSWDULUX,2016-09-30,2018-09-28,start,ind_prs28082018
JSWDULUX,2020-06-26,2021-09-30,ind_prs10062020,ind_prs15092021
JSWENERGY,2016-09-30,2024-09-30,start,ind_prs23082024
JSWENERGY,2026-03-30,,ind_prs23022026,
JSWINFRA,2024-03-28,,ind_prs28022024,
JUBLFOOD,2016-09-30,2021-03-31,start,ind_prs23022021
JUBLFOOD,2022-09-30,,ind_prs01092022,
JUBLPHARMA,2016-09-30,2020-09-25,start,ind_prs20082020
JUSTDIAL,2016-09-30,2017-03-31,start,ind_prs16022017
JYOTHYLAB,2016-09-30,2018-04-02,start,ind_prs21022018
KAJARIACER,2016-09-30,2018-09-28,start,ind_prs28082018
KAJARIACER,2021-09-30,2024-09-30,ind_prs15092021,ind_prs23082024
KALYANKJIL,2024-03-28,,ind_prs28022024,
KANSAINER,2016-09-30,2024-09-30,start,ind_prs23082024
KARURVYSYA,2016-09-30,2018-09-28,start,ind_prs28082018
KEI,2024-03-28,,ind_prs28022024,
KIOCL,2018-06-29,2019-09-27,ind_prs24052018,ind_prs28082019
KPITTECH,2023-09-29,2026-09-30,ind_prs17082023,ind_prs10082026
KPRMILL,2022-09-30,,ind_prs01092022,
KRBL,2017-06-23,2020-06-26,ind_prs15062017,ind_prs10062020
LALPATHLAB,2016-09-30,2018-04-02,start,ind_prs21022018
LALPATHLAB,2019-12-27,2024-09-30,ind_prs16122019,ind_prs23082024
LAURUSLABS,2021-03-31,2024-09-30,ind_prs23022021,ind_prs23082024
LAURUSLABS,2026-03-30,,ind_prs23022026,
LENSKART,2026-03-30,,ind_prs23022026,
LGEINDIA,2026-03-30,,ind_prs23022026,
LICHSGFIN,2019-03-29,,ind_prs25022019,
LICI,2026-03-30,,ind_prs23022026,
LINDEINDIA,2021-09-30,,ind_prs15092021,
LLOYDSME,2024-03-28,,ind_prs28022024,
LODHA,2021-09-30,2024-09-30,ind_prs15092021,ind_prs23082024
LODHA,2026-09-30,,ind_prs10082026,
LTF,2016-09-30,2018-04-02,start,ind_prs21022018
LTF,2020-06-26,,ind_prs10062020,
LTM,2017-03-31,2020-09-25,ind_prs16022017,ind_prs20082020
LTTS,2017-03-31,,ind_prs16022017,
LUPIN,2022-09-30,,ind_prs01092022,
M&MFIN,2016-09-30,,start,
MAHABANK,2023-09-29,,ind_prs17082023,
MANAPPURAM,2017-03-31,2022-09-30,ind_prs16022017,ind_prs01092022
MANKIND,2023-07-13,,ind_prs04072023,
MANYAVAR,2022-09-30,2024-09-30,ind_prs01092022,ind_prs23082024
MARICO,2024-09-30,,ind_prs23082024,
MAXHEALTH,2021-03-31,2025-09-30,ind_prs23022021,ind_prs22082025
MAZDOCK,2023-09-29,2025-09-30,ind_prs17082023,ind_prs22082025
MCX,2026-03-30,,ind_prs23022026,
MEDANTA,2024-09-30,,ind_prs23082024,
MEESHO,2026-09-30,,ind_prs10082026,
METROBRAND,2023-03-31,2025-03-28,ind_prs17022023_1,ind_prs21022025
METROPOLIS,2020-09-25,2022-09-30,ind_prs20082020,ind_prs01092022
MFSL,2016-09-30,2017-01-23,start,ind_prs16012017
MFSL,2017-09-29,,ind_prs29082017,
MGL,2017-05-26,2022-03-31,ind_prs27042017,ind_prs24022022_1
MINDTREE,2016-09-30,2022-03-31,start,ind_prs24022022_1
MOTILALOFS,2017-03-31,2022-03-31,ind_prs16022017,ind_prs24022022_1
MOTILALOFS,2025-03-28,,ind_prs21022025,
MPHASIS,2016-09-30,2022-09-30,start,ind_prs01092022
MPHASIS,2023-03-31,,ind_prs17022023_1,
MRF,2016-09-30,2017-09-29,start,ind_prs28082017
MRF,2019-09-27,2021-03-31,ind_prs28082019,ind_prs23022021
MRF,2021-09-30,,ind_prs15092021,
MRPL,2016-09-30,2021-03-31,start,ind_prs23022021
MRPL,2024-09-30,2025-09-30,ind_prs23082024,ind_prs22082025
MSUMI,2022-09-30,2025-09-30,ind_prs01092022,ind_prs22082025
MUTHOOTFIN,2016-09-30,2020-06-26,start,ind_prs10062020
MUTHOOTFIN,2024-03-28,2026-03-30,ind_prs28022024,ind_prs23022026
NAM-INDIA,2018-09-28,2023-09-29,ind_prs28082018,ind_prs17082023
NAM-INDIA,2024-09-30,,ind_prs23082024,
NATCOPHARM,2016-09-30,2023-03-31,start,ind_prs17022023_1
NATIONALUM,2016-09-30,2021-03-31,start,ind_prs23022021
NATIONALUM,2021-09-30,2023-03-31,ind_prs15092021,ind_prs17022023_1
NATIONALUM,2025-03-28,,ind_prs21022025,
NAUKRI,2016-09-30,2020-06-26,start,ind_prs10062020
NAUKRI,2026-03-30,,ind_prs23022026,
NAVINFLUOR,2020-09-25,2024-03-28,ind_prs20082020,ind_prs28022024
NBCC,2016-09-30,2020-06-26,start,ind_prs10062020
NETWORK18,2016-09-30,2017-03-31,start,ind_prs16022017
NH,2016-09-30,2018-04-02,start,ind_prs21022018
NH,2026-09-30,,ind_prs10082026,
NHPC,2020-09-25,2024-09-30,ind_prs20082020,ind_prs23082024
NHPC,2025-03-28,,ind_prs21022025,
NIACL,2020-06-26,2026-09-30,ind_prs10062020,ind_prs10082026
NLCINDIA,2016-09-30,2021-03-31,start,ind_prs23022021
NLCINDIA,2024-09-30,,ind_prs23082024,
NMDC,2023-03-31,,ind_prs17022023_1,
NTPCGREEN,2025-03-28,,ind_prs21022025,
NUVOCO,2022-03-31,2022-09-30,ind_prs24022022_1,ind_prs01092022
NYKAA,2023-09-29,,ind_prs17082023,
OBEROIRLTY,2016-09-30,,start,
OFSS,2021-03-31,,ind_prs23022021,
OIL,2019-03-29,,ind_prs25022019,
OLAELEC,2025-03-28,2025-09-30,ind_prs21022025,ind_prs22082025
ORIENTBANK,2019-09-27,2019-12-27,ind_prs28082019,ind_prs16122019
PAGEIND,2016-09-30,2019-03-29,start,ind_prs25022019
PAGEIND,2020-09-25,2023-03-31,ind_prs20082020,ind_prs17022023_1
PAGEIND,2023-09-29,,ind_prs17082023,
PATANJALI,2022-09-30,,ind_prs01092022,
PAYTM,2023-03-31,,ind_prs17022023_1,
PCJEWELLER,2016-09-30,2019-03-29,start,ind_prs25022019
PEL,2023-03-31,2024-09-30,ind_prs17022023_1,ind_prs23082024
PERSISTENT,2016-09-30,2017-03-31,start,ind_prs16022017
PERSISTENT,2021-03-31,,ind_prs23022021,
PETRONET,2016-09-30,2017-03-31,start,ind_prs16022017
PETRONET,2021-09-30,,ind_prs15092021,
PFC,2018-09-28,2019-09-27,ind_prs28082018,ind_prs28082019
PFC,2021-03-31,2024-03-28,ind_prs23022021,ind_prs28022024
PFIZER,2016-09-30,2024-03-28,start,ind_prs28022024
PGHH,2024-03-28,2025-03-28,ind_prs28022024,ind_prs21022025
PGHH,2025-09-30,2026-03-30,ind_prs22082025,ind_prs23022026
PGHL,2021-03-31,2021-09-30,ind_prs23022021,ind_prs15092021
PHOENIXLTD,2016-09-30,,start,
PIIND,2016-09-30,2021-09-30,start,ind_prs15092021
PIIND,2024-03-28,,ind_prs28022024,
PIRAMALFIN,2026-09-30,,ind_prs10082026,
PNB,2018-09-28,2019-09-27,ind_prs28082018,ind_prs28082019
PNB,2022-09-30,2023-09-29,ind_prs01092022,ind_prs17082023
PNBHOUSING,2017-05-26,2020-09-25,ind_prs27042017,ind_prs20082020
POLICYBZR,2022-03-31,,ind_prs24022022_1,
POLYCAB,2019-12-27,2026-09-30,ind_prs16122019,ind_prs10082026
POONAWALLA,2022-09-30,2025-03-28,ind_prs01092022,ind_prs21022025
POWERINDIA,2024-09-30,2026-09-30,ind_prs23082024,ind_prs10082026
PREMIERENE,2025-03-28,,ind_prs21022025,
PRESTIGE,2016-09-30,,start,
QUESS,2017-03-31,2020-09-25,ind_prs16022017,ind_prs20082020
RADICO,2026-03-30,,ind_prs23022026,
RAJESHEXPO,2016-09-30,2024-03-28,start,ind_prs28022024
RAMCOCEM,2016-09-30,2024-09-30,start,ind_prs23082024
RBLBANK,2017-01-23,2022-03-31,ind_prs16012017,ind_prs24022022_1
RCOM,2016-09-30,2018-04-02,start,ind_prs21022018
RECLTD,2016-09-30,2017-03-31,start,ind_prs16022017
RECLTD,2018-09-28,2024-03-28,ind_prs28082018,ind_prs28022024
RECLTD,2026-09-30,,ind_prs10082026,
RELAXO,2016-09-30,2017-09-29,start,ind_prs28082017
RELAXO,2019-03-29,2024-03-28,ind_prs25022019,ind_prs28022024
RELCAPITAL,2016-09-30,2017-09-29,start,ind_prs29082017
RELCAPITAL,2018-02-05,2019-09-27,ind_prs08012018,ind_prs28082019
RELINFRA,2016-09-30,2019-09-27,start,ind_prs28082019
RPOWER,2016-09-30,2019-09-27,start,ind_prs28082019
RVNL,2023-09-29,,ind_prs17082023,
SADBHAV,2016-09-30,2017-03-31,start,ind_prs16022017
SAIL,2019-09-27,2021-09-30,ind_prs28082019,ind_prs15092021
SAIL,2022-09-30,,ind_prs01092022,
SAMMAANCAP,2020-06-26,2021-09-30,ind_prs10062020,ind_prs15092021
SANOFI,2016-09-30,2023-03-31,start,ind_prs17022023_1
SBICARD,2024-09-30,,ind_prs23082024,
SCHAEFFLER,2016-09-30,2018-09-28,start,ind_prs28082018
SCHAEFFLER,2019-12-27,,ind_prs16122019,
SFL,2020-09-25,2021-03-31,ind_prs20082020,ind_prs23022021
SHREECEM,2026-09-30,,ind_prs10082026,
SHRIRAMCIT,2016-09-30,2021-03-31,start,ind_prs23022021
SHRIRAMFIN,2020-09-25,2023-09-29,ind_prs20082020,ind_prs17082023
SJVN,2016-09-30,2021-09-30,start,ind_prs15092021
SJVN,2024-03-28,2026-09-30,ind_prs28022024,ind_prs10082026
SKFINDIA,2016-09-30,2025-03-28,start,ind_prs21022025
SOLARINDS,2016-09-30,2025-09-30,start,ind_prs22082025
SONACOMS,2021-10-29,2026-03-30,ind_prs22102021,ind_prs23022026
SPARC,2016-09-30,2019-09-27,start,ind_prs28082019
SRF,2016-09-30,2022-03-31,start,ind_prs24022022_1
SRF,2024-09-30,,ind_prs23082024,
STAR,2016-09-30,2018-02-05,start,ind_prs08012018
STARHEALTH,2022-03-31,2025-09-30,ind_prs24022022_1,ind_prs22082025
STLTECH,2018-04-02,2020-06-26,ind_prs21022018,ind_prs10062020
SUMICHEM,2020-06-26,2024-09-30,ind_prs10062020,ind_prs23082024
SUNDARMFIN,2016-09-30,2017-11-13,start,ind_prs03112017
SUNDARMFIN,2018-09-28,,ind_prs28082018,
SUNDRMFAST,2017-09-29,2025-03-28,ind_prs28082017,ind_prs21022025
SUNTV,2016-09-30,2017-05-26,start,ind_prs27042017
SUNTV,2019-03-29,2025-09-30,ind_prs25022019,ind_prs22082025
SUPREMEIND,2016-09-30,,start,
SUZLON,2016-09-30,2018-09-28,start,ind_prs28082018
SUZLON,2024-03-28,,ind_prs28022024,
SWIGGY,2025-09-30,,ind_prs22082025,
SYMPHONY,2016-09-30,2021-03-31,start,ind_prs23022021
SYNDIBANK,2016-09-30,2018-04-02,start,ind_prs21022018
SYNGENE,2016-09-30,2026-03-30,start,ind_prs23022026
TATACHEM,2016-09-30,2019-12-27,start,ind_prs16122019
TATACHEM,2020-09-25,2025-03-28,ind_prs20082020,ind_prs21022025
TATACOMM,2016-09-30,2018-06-29,start,ind_prs24052018
TATACOMM,2020-06-26,,ind_prs10062020,
TATACONSUM,2016-09-30,2020-09-25,start,ind_prs20082020
TATAELXSI,2016-09-30,2017-03-31,start,ind_prs16022017
TATAELXSI,2021-03-31,2026-09-30,ind_prs23022021,ind_prs10082026
TATAINVEST,2024-09-30,,ind_prs23082024,
TATAPOWER,2018-04-02,2022-08-08,ind_prs21022018,ind_prs11072022
TATATECH,2024-03-28,2026-03-30,ind_prs28022024,ind_prs23022026
THERMAX,2016-09-30,,start,
THOMASCOOK,2016-09-30,2019-09-27,start,ind_prs17092019
TIINDIA,2020-09-25,,ind_prs20082020,
TIMKEN,2023-03-31,2025-03-28,ind_prs17022023_1,ind_prs21022025
TORNTPHARM,2018-04-02,2020-06-26,ind_prs21022018,ind_prs10062020
TORNTPOWER,2016-09-30,,start,
TRENT,2016-09-30,2023-09-29,start,ind_prs17082023
TRIDENT,2022-03-31,2024-03-28,ind_prs24022022_1,ind_prs28022024
TTKPRESTIG,2016-09-30,2018-09-28,start,ind_prs28082018
TTKPRESTIG,2019-09-27,2022-03-31,ind_prs17092019,ind_prs24022022_1
TTML,2022-03-31,2023-09-29,ind_prs24022022_1,ind_prs17082023
TUBEINVEST,2016-09-30,2017-05-26,start,ind_prs27042017
TV18BRDCST,2016-09-30,2019-03-29,start,ind_prs25022019
TVSMOTOR,2016-09-30,2023-09-29,start,ind_prs17082023
UBL,2017-09-29,2019-03-29,ind_prs28082017,ind_prs25022019
UBL,2021-09-30,,ind_prs15092021,
UCOBANK,2019-09-27,2020-09-25,ind_prs28082019,ind_prs20082020
UCOBANK,2025-09-30,2026-03-30,ind_prs22082025,ind_prs23022026
UNIONBANK,2016-09-30,2024-09-30,start,ind_prs23082024
UNIONBANK,2025-03-28,2026-03-30,ind_prs21022025,ind_prs23022026
UNITDSPR,2026-09-30,,ind_prs10082026,
UNOMINDA,2020-06-26,,ind_prs10062020,
UPL,2024-03-28,,ind_prs28022024,
VAIBHAVGBL,2021-09-30,2022-03-31,ind_prs15092021,ind_prs24022022_1
VAKRANGEE,2016-09-30,2019-03-29,start,ind_prs25022019
VARROC,2018-12-28,2020-06-26,ind_prs14122018,ind_prs10062020
VBL,2017-09-29,2023-03-31,ind_prs28082017,ind_prs17022023_1
VGUARD,2017-09-29,2021-09-30,ind_prs28082017,ind_prs15092021
VIJAYABANK,2017-09-29,2018-04-02,ind_prs28082017,ind_prs21022018
VINATIORGA,2019-09-27,2024-03-28,ind_prs28082019,ind_prs28022024
VMM,2025-03-28,,ind_prs21022025,
VOLTAS,2016-09-30,,start,
VTL,2016-09-30,2018-04-02,start,ind_prs21022018
WAAREEENER,2025-03-28,,ind_prs21022025,
WELSPUNLIV,2016-09-30,2018-04-02,start,ind_prs21022018
WHIRLPOOL,2016-09-30,2024-03-28,start,ind_prs28022024
WOCKPHARMA,2016-09-30,2018-09-28,start,ind_prs28082018
YESBANK,2020-09-25,2021-03-31,ind_prs20082020,ind_prs23022021
YESBANK,2022-03-31,,ind_prs24022022_1,
ZEEL,2020-09-25,2024-09-30,ind_prs20082020,ind_prs23082024
ZFCVINDIA,2016-09-30,2021-03-31,start,ind_prs23022021
ZFCVINDIA,2021-09-30,2025-03-28,ind_prs15092021,ind_prs21022025
ZYDUSLIFE,2022-09-30,2023-09-29,ind_prs01092022,ind_prs17082023
ZYDUSWELL,2020-09-25,2022-03-31,ind_prs20082020,ind_prs24022022_1
