DATE,ABB,ACC,ADANIENT,ADANIPORTS,AMBUJACEM,APOLLOHOSP,ASIANPAINT,AUROPHARMA,AXISBANK,BAJAJAUTO,BAJAJFINSV,BAJFINANCE,BANKBARODA,BEL,BHARTIARTL,BHEL,BOSCHLTD,BPCL,BRITANNIA,CAIRN,CIPLA,COALINDIA,DIVISLAB,DLF,DRREDDY,EICHERMOT,ETERNAL,GAIL,GLAXO,GRASIM,HCLTECH,HDFC,HDFCBANK,HDFCLIFE,HEROMOTOCO,HINDALCO,HINDPETRO,HINDUNILVR,IBULHSGFIN,ICICIBANK,IDEA,IDFC,INDUSINDBK,INFRATEL,INFY,IOC,ITC,JINDALSTEL,JIOFIN,JPASSOCIAT,JSWSTEEL,KOTAKBANK,LT,LTIM,LUPIN,M&M,MARUTI,MCDOWELL-N,NATIONALUM,NESTLEIND,NMDC,NTPC,ONGC,PNB,POWERGRID,RANBAXY,RCOM,RELCAPITAL,RELIANCE,RELINFRA,RPL,RPOWER,SAIL,SATYAMCOMP,SBILIFE,SBIN,SESAGOA,SHREECEM,SHRIRAMFIN,SIEMENS,STER,SUNPHARMA,SUZLON,TATACOMM,TATACONSUM,TATAMOTORS,TATAPOWER,TATASTEEL,TCS,TECHM,TITAN,TRENT,ULTRACEMCO,UNITECH,UPL,VEDL,VSNL,WIPRO,YESBANK,ZEEL
2018-01-31,0,0,0.53,0.88,0,0.69,1.03,0,2.7,0.86,0.94,2.11,0,1.2,4.65,0,0,0,0,0,0.81,0.77,0,0,0.69,0.76,1.97,0,0,0.96,1.39,0,13.11,0.75,0.6,0.92,0,2.13,0,9,0,0,0.44,0,4.78,0,3.45,0,0.92,0,0.88,2.6,3.82,0,0,2.55,1.75,0,0,0.75,0,1.4,0.82,0,1.13,0,0,0,8.31,0,0,0,0,0,0.73,2.79,0,0,0.73,0,0,1.55,0,0,0.63,1.26,0,1.15,2.85,0.85,1.35,1.06,1.36,0,0,0,0,0.64,0,0
2018-02-28,0,0,0.53,0.88,0,0.69,1.03,0,2.7,0.86,0.94,2.11,0,1.2,4.65,0,0,0,0,0,0.81,0.77,0,0,0.69,0.76,1.97,0,0,0.96,1.39,0,13.11,0.75,0.6,0.92,0,2.13,0,9,0,0,0.44,0,4.78,0,3.45,0,0.92,0,0.88,2.6,3.82,0,0,2.55,1.75,0,0,0.75,0,1.4,0.82,0,1.13,0,0,0,8.31,0,0,0,0,0,0.73,2.79,0,0,0.73,0,0,1.55,0,0,0.63,1.26,0,1.15,2.85,0.85,1.35,1.06,1.36,0,0,0,0,0.64,0,0
2018-03-31,0,0,0.53,0.88,0,0.69,1.03,0,2.7,0.86,0.94,2.11,0,1.2,4.65,0,0,0,0,0,0.81,0.77,0,0,0.69,0.76,1.97,0,0,0.96,1.39,0,13.11,0.75,0.6,0.92,0,2.13,0,9,0,0,0.44,0,4.78,0,3.45,0,0.92,0,0.88,2.6,3.82,0,0,2.55,1.75,0,0,0.75,0,1.4,0.82,0,1.13,0,0,0,8.31,0,0,0,0,0,0.73,2.79,0,0,0.73,0,0,1.55,0,0,0.63,1.26,0,1.15,2.85,0.85,1.35,1.06,1.36,0,0,0,0,0.64,0,0
2018-04-30,0,0,0.53,0.88,0,0.69,1.03,0,2.7,0.86,0.94,2.11,0,1.2,4.65,0,0,0,0,0,0.81,0.77,0,0,0.69,0.76,1.97,0,0,0.96,1.39,0,13.11,0.75,0.6,0.92,0,2.13,0,9,0,0,0.44,0,4.78,0,3.45,0,0.92,0,0.88,2.6,3.82,0,0,2.55,1.75,0,0,0.75,0,1.4,0.82,0,1.13,0,0,0,8.31,0,0,0,0,0,0.73,2.79,0,0,0.73,0,0,1.55,0,0,0.63,1.26,0,1.15,2.85,0.85,1.35,1.06,1.36,0,0,0,0,0.64,0,0
2018-05-31,0,0,0.53,0.88,0,0.69,1.03,0,2.7,0.86,0.94,2.11,0,1.2,4.65,0,0,0,0,0,0.81,0.77,0,0,0.69,0.76,1.97,0,0,0.96,1.39,0,13.11,0.75,0.6,0.92,0,2.13,0,9,0,0,0.44,0,4.78,0,3.45,0,0.92,0,0.88,2.6,3.82,0,0,2.55,1.75,0,0,0.75,0,1.4,0.82,0,1.13,0,0,0,8.31,0,0,0,0,0,0.73,2.79,0,0,0.73,0,0,1.55,0,0,0.63,1.26,0,1.15,2.85,0.85,1.35,1.06,1.36,0,0,0,0,0.64,0,0
2018-06-30,0,0,0.53,0.88,0,0.69,1.03,0,2.7,0.86,0.94,2.11,0,1.2,4.65,0,0,0,0,0,0.81,0.77,0,0,0.69,0.76,1.97,0,0,0.96,1.39,0,13.11,0.75,0.6,0.92,0,2.13,0,9,0,0,0.44,0,4.78,0,3.45,0,0.92,0,0.88,2.6,3.82,0,0,2.55,1.75,0,0,0.75,0,1.4,0.82,0,1.13,0,0,0,8.31,0,0,0,0,0,0.73,2.79,0,0,0.73,0,0,1.55,0,0,0.63,1.26,0,1.15,2.85,0.85,1.35,1.06,1.36,0,0,0,0,0.64,0,0
2018-07-31,0,0,0.53,0.88,0,0.69,1.03,0,2.7,0.86,0.94,2.11,0,1.2,4.65,0,0,0,0,0,0.81,0.77,0,0,0.69,0.76,1.97,0,0,0.96,1.39,0,13.11,0.75,0.6,0.92,0,2.13,0,9,0,0,0.44,0,4.78,0,3.45,0,0.92,0,0.88,2.6,3.82,0,0,2.55,1.75,0,0,0.75,0,1.4,0.82,0,1.13,0,0,0,8.31,0,0,0,0,0,0.73,2.79,0,0,0.73,0,0,1.55,0,0,0.63,1.26,0,1.15,2.85,0.85,1.35,1.06,1.36,0,0,0,0,0.64,0,0
2018-08-31,0,0,0.53,0.88,0,0.69,1.03,0,2.7,0.86,0.94,2.11,0,1.2,4.65,0,0,0,0,0,0.81,0.77,0,0,0.69,0.76,1.97,0,0,0.96,1.39,0,13.11,0.75,0.6,0.92,0,2.13,0,9,0,0,0.44,0,4.78,0,3.45,0,0.92,0,0.88,2.6,3.82,0,0,2.55,1.75,0,0,0.75,0,1.4,0.82,0,1.13,0,0,0,8.31,0,0,0,0,0,0.73,2.79,0,0,0.73,0,0,1.55,0,0,0.63,1.26,0,1.15,2.85,0.85,1.35,1.06,1.36,0,0,0,0,0.64,0,0
2018-09-30,0,0,0.53,0.88,0,0.69,1.03,0,2.7,0.86,0.94,2.11,0,1.2,4.65,0,0,0,0,0,0.81,0.77,0,0,0.69,0.76,1.97,0,0,0.96,1.39,0,13.11,0.75,0.6,0.92,0,2.13,0,9,0,0,0.44,0,4.78,0,3.45,0,0.92,0,0.88,2.6,3.82,0,0,2.55,1.75,0,0,0.75,0,1.4,0.82,0,1.13,0,0,0,8.31,0,0,0,0,0,0.73,2.79,0,0,0.73,0,0,1.55,0,0,0.63,1.26,0,1.15,2.85,0.85,1.35,1.06,1.36,0,0,0,0,0.64,0,0
2018-10-31,0,0,0.53,0.88,0,0.69,1.03,0,2.7,0.86,0.94,2.11,0,1.2,4.65,0,0,0,0,0,0.81,0.77,0,0,0.69,0.76,1.97,0,0,0.96,1.39,0,13.11,0.75,0.6,0.92,0,2.13,0,9,0,0,0.44,0,4.78,0,3.45,0,0.92,0,0.88,2.6,3.82,0,0,2.55,1.75,0,0,0.75,0,1.4,0.82,0,1.13,0,0,0,8.31,0,0,0,0,0,0.73,2.79,0,0,0.73,0,0,1.55,0,0,0.63,1.26,0,1.15,2.85,0.85,1.35,1.06,1.36,0,0,0,0,0.64,0,0
2018-11-30,0,0,0.53,0.88,0,0.69,1.03,0,2.7,0.86,0.94,2.11,0,1.2,4.65,0,0,0,0,0,0.81,0.77,0,0,0.69,0.76,1.97,0,0,0.96,1.39,0,13.11,0.75,0.6,0.92,0,2.13,0,9,0,0,0.44,0,4.78,0,3.45,0,0.92,0,0.88,2.6,3.82,0,0,2.55,1.75,0,0,0.75,0,1.4,0.82,0,1.13,0,0,0,8.31,0,0,0,0,0,0.73,2.79,0,0,0.73,0,0,1.55,0,0,0.63,1.26,0,1.15,2.85,0.85,1.35,1.06,1.36,0,0,0,0,0.64,0,0
2018-12-31,0,0,0.53,0.88,0,0.69,1.03,0,2.7,0.86,0.94,2.11,0,1.2,4.65,0,0,0,0,0,0.81,0.77,0,0,0.69,0.76,1.97,0,0,0.96,1.39,0,13.11,0.75,0.6,0.92,0,2.13,0,9,0,0,0.44,0,4.78,0,3.45,0,0.92,0,0.88,2.6,3.82,0,0,2.55,1.75,0,0,0.75,0,1.4,0.82,0,1.13,0,0,0,8.31,0,0,0,0,0,0.73,2.79,0,0,0.73,0,0,1.55,0,0,0.63,1.26,0,1.15,2.85,0.85,1.35,1.06,1.36,0,0,0,0,0.64,0,0
2019-01-31,0,0,0.53,0.88,0,0.69,1.03,0,2.7,0.86,0.94,2.11,0,1.2,4.65,0,0,0,0,0,0.81,0.77,0,0,0.69,0.76,1.97,0,0,0.96,1.39,0,13.11,0.75,0.6,0.92,0,2.13,0,9,0,0,0.44,0,4.78,0,3.45,0,0.92,0,0.88,2.6,3.82,0,0,2.55,1.75,0,0,0.75,0,1.4,0.82,0,1.13,0,0,0,8.31,0,0,0,0,0,0.73,2.79,0,0,0.73,0,0,1.55,0,0,0.63,1.26,0,1.15,2.85,0.85,1.35,1.06,1.36,0,0,0,0,0.64,0,0
2019-02-28,0,0,0.53,0.88,0,0.69,1.03,0,2.7,0.86,0.94,2.11,0,1.2,4.65,0,0,0,0,0,0.81,0.77,0,0,0.69,0.76,1.97,0,0,0.96,1.39,0,13.11,0.75,0.6,0.92,0,2.13,0,9,0,0,0.44,0,4.78,0,3.45,0,0.92,0,0.88,2.6,3.82,0,0,2.55,1.75,0,0,0.75,0,1.4,0.82,0,1.13,0,0,0,8.31,0,0,0,0,0,0.73,2.79,0,0,0.73,0,0,1.55,0,0,0.63,1.26,0,1.15,2.85,0.85,1.35,1.06,1.36,0,0,0,0,0.64,0,0
2019-03-31,0,0,0.53,0.88,0,0.69,1.03,0,2.7,0.86,0.94,2.11,0,1.2,4.65,0,0,0,0,0,0.81,0.77,0,0,0.69,0.76,1.97,0,0,0.96,1.39,0,13.11,0.75,0.6,0.92,0,2.13,0,9,0,0,0.44,0,4.78,0,3.45,0,0.92,0,0.88,2.6,3.82,0,0,2.55,1.75,0,0,0.75,0,1.4,0.82,0,1.13,0,0,0,8.31,0,0,0,0,0,0.73,2.79,0,0,0.73,0,0,1.55,0,0,0.63,1.26,0,1.15,2.85,0.85,1.35,1.06,1.36,0,0,0,0,0.64,0,0
2019-04-30,0,0,0.53,0.88,0,0.69,1.03,0,2.7,0.86,0.94,2.11,0,1.2,4.65,0,0,0,0,0,0.81,0.77,0,0,0.69,0.76,1.97,0,0,0.96,1.39,0,13.11,0.75,0.6,0.92,0,2.13,0,9,0,0,0.44,0,4.78,0,3.45,0,0.92,0,0.88,2.6,3.82,0,0,2.55,1.75,0,0,0.75,0,1.4,0.82,0,1.13,0,0,0,8.31,0,0,0,0,0,0.73,2.79,0,0,0.73,0,0,1.55,0,0,0.63,1.26,0,1.15,2.85,0.85,1.35,1.06,1.36,0,0,0,0,0.64,0,0
2019-05-31,0,0,0.53,0.88,0,0.69,1.03,0,2.7,0.86,0.94,2.11,0,1.2,4.65,0,0,0,0,0,0.81,0.77,0,0,0.69,0.76,1.97,0,0,0.96,1.39,0,13.11,0.75,0.6,0.92,0,2.13,0,9,0,0,0.44,0,4.78,0,3.45,0,0.92,0,0.88,2.6,3.82,0,0,2.55,1.75,0,0,0.75,0,1.4,0.82,0,1.13,0,0,0,8.31,0,0,0,0,0,0.73,2.79,0,0,0.73,0,0,1.55,0,0,0.63,1.26,0,1.15,2.85,0.85,1.35,1.06,1.36,0,0,0,0,0.64,0,0
2019-06-30,0,0,0.53,0.88,0,0.69,1.03,0,2.7,0.86,0.94,2.11,0,1.2,4.65,0,0,0,0,0,0.81,0.77,0,0,0.69,0.76,1.97,0,0,0.96,1.39,0,13.11,0.75,0.6,0.92,0,2.13,0,9,0,0,0.44,0,4.78,0,3.45,0,0.92,0,0.88,2.6,3.82,0,0,2.55,1.75,0,0,0.75,0,1.4,0.82,0,1.13,0,0,0,8.31,0,0,0,0,0,0.73,2.79,0,0,0.73,0,0,1.55,0,0,0.63,1.26,0,1.15,2.85,0.85,1.35,1.06,1.36,0,0,0,0,0.64,0,0
2019-07-31,0,0,0.53,0.88,0,0.69,1.03,0,2.7,0.86,0.94,2.11,0,1.2,4.65,0,0,0,0,0,0.81,0.77,0,0,0.69,0.76,1.97,0,0,0.96,1.39,0,13.11,0.75,0.6,0.92,0,2.13,0,9,0,0,0.44,0,4.78,0,3.45,0,0.92,0,0.88,2.6,3.82,0,0,2.55,1.75,0,0,0.75,0,1.4,0.82,0,1.13,0,0,0,8.31,0,0,0,0,0,0.73,2.79,0,0,0.73,0,0,1.55,0,0,0.63,1.26,0,1.15,2.85,0.85,1.35,1.06,1.36,0,0,0,0,0.64,0,0
2019-08-31,0,0,0.53,0.88,0,0.69,1.03,0,2.7,0.86,0.94,2.11,0,1.2,4.65,0,0,0,0,0,0.81,0.77,0,0,0.69,0.76,1.97,0,0,0.96,1.39,0,13.11,0.75,0.6,0.92,0,2.13,0,9,0,0,0.44,0,4.78,0,3.45,0,0.92,0,0.88,2.6,3.82,0,0,2.55,1.75,0,0,0.75,0,1.4,0.82,0,1.13,0,0,0,8.31,0,0,0,0,0,0.73,2.79,0,0,0.73,0,0,1.55,0,0,0.63,1.26,0,1.15,2.85,0.85,1.35,1.06,1.36,0,0,0,0,0.64,0,0
2019-09-30,0,0,0.53,0.88,0,0.69,1.03,0,2.7,0.86,0.94,2.11,0,1.2,4.65,0,0,0,0,0,0.81,0.77,0,0,0.69,0.76,1.97,0,0,0.96,1.39,0,13.11,0.75,0.6,0.92,0,2.13,0,9,0,0,0.44,0,4.78,0,3.45,0,0.92,0,0.88,2.6,3.82,0,0,2.55,1.75,0,0,0.75,0,1.4,0.82,0,1.13,0,0,0,8.31,0,0,0,0,0,0.73,2.79,0,0,0.73,0,0,1.55,0,0,0.63,1.26,0,1.15,2.85,0.85,1.35,1.06,1.36,0,0,0,0,0.64,0,0
2019-10-31,0,0,0.53,0.88,0,0.69,1.03,0,2.7,0.86,0.94,2.11,0,1.2,4.65,0,0,0,0,0,0.81,0.77,0,0,0.69,0.76,1.97,0,0,0.96,1.39,0,13.11,0.75,0.6,0.92,0,2.13,0,9,0,0,0.44,0,4.78,0,3.45,0,0.92,0,0.88,2.6,3.82,0,0,2.55,1.75,0,0,0.75,0,1.4,0.82,0,1.13,0,0,0,8.31,0,0,0,0,0,0.73,2.79,0,0,0.73,0,0,1.55,0,0,0.63,1.26,0,1.15,2.85,0.85,1.35,1.06,1.36,0,0,0,0,0.64,0,0
2019-11-30,0,0,0.53,0.88,0,0.69,1.03,0,2.7,0.86,0.94,2.11,0,1.2,4.65,0,0,0,0,0,0.81,0.77,0,0,0.69,0.76,1.97,0,0,0.96,1.39,0,13.11,0.75,0.6,0.92,0,2.13,0,9,0,0,0.44,0,4.78,0,3.45,0,0.92,0,0.88,2.6,3.82,0,0,2.55,1.75,0,0,0.75,0,1.4,0.82,0,1.13,0,0,0,8.31,0,0,0,0,0,0.73,2.79,0,0,0.73,0,0,1.55,0,0,0.63,1.26,0,1.15,2.85,0.85,1.35,1.06,1.36,0,0,0,0,0.64,0,0
2019-12-31,0,0,0.53,0.88,0,0.69,1.03,0,2.7,0.86,0.94,2.11,0,1.2,4.65,0,0,0,0,0,0.81,0.77,0,0,0.69,0.76,1.97,0,0,0.96,1.39,0,13.11,0.75,0.6,0.92,0,2.13,0,9,0,0,0.44,0,4.78,0,3.45,0,0.92,0,0.88,2.6,3.82,0,0,2.55,1.75,0,0,0.75,0,1.4,0.82,0,1.13,0,0,0,8.31,0,0,0,0,0,0.73,2.79,0,0,0.73,0,0,1.55,0,0,0.63,1.26,0,1.15,2.85,0.85,1.35,1.06,1.36,0,0,0,0,0.64,0,0
2020-01-31,0,0,0.53,0.88,0,0.69,1.03,0,2.7,0.86,0.94,2.11,0,1.2,4.65,0,0,0,0,0,0.81,0.77,0,0,0.69,0.76,1.97,0,0,0.96,1.39,0,13.11,0.75,0.6,0.92,0,2.13,0,9,0,0,0.44,0,4.78,0,3.45,0,0.92,0,0.88,2.6,3.82,0,0,2.55,1.75,0,0,0.75,0,1.4,0.82,0,1.13,0,0,0,8.31,0,0,0,0,0,0.73,2.79,0,0,0.73,0,0,1.55,0,0,0.63,1.26,0,1.15,2.85,0.85,1.35,1.06,1.36,0,0,0,0,0.64,0,0
2020-02-29,0,0,0.53,0.88,0,0.69,1.03,0,2.7,0.86,0.94,2.11,0,1.2,4.65,0,0,0,0,0,0.81,0.77,0,0,0.69,0.76,1.97,0,0,0.96,1.39,0,13.11,0.75,0.6,0.92,0,2.13,0,9,0,0,0.44,0,4.78,0,3.45,0,0.92,0,0.88,2.6,3.82,0,0,2.55,1.75,0,0,0.75,0,1.4,0.82,0,1.13,0,0,0,8.31,0,0,0,0,0,0.73,2.79,0,0,0.73,0,0,1.55,0,0,0.63,1.26,0,1.15,2.85,0.85,1.35,1.06,1.36,0,0,0,0,0.64,0,0
2020-03-31,0,0,0.53,0.88,0,0.69,1.03,0,2.7,0.86,0.94,2.11,0,1.2,4.65,0,0,0,0,0,0.81,0.77,0,0,0.69,0.76,1.97,0,0,0.96,1.39,0,13.11,0.75,0.6,0.92,0,2.13,0,9,0,0,0.44,0,4.78,0,3.45,0,0.92,0,0.88,2.6,3.82,0,0,2.55,1.75,0,0,0.75,0,1.4,0.82,0,1.13,0,0,0,8.31,0,0,0,0,0,0.73,2.79,0,0,0.73,0,0,1.55,0,0,0.63,1.26,0,1.15,2.85,0.85,1.35,1.06,1.36,0,0,0,0,0.64,0,0
2020-04-30,0,0,0.53,0.88,0,0.69,1.03,0,2.7,0.86,0.94,2.11,0,1.2,4.65,0,0,0,0,0,0.81,0.77,0,0,0.69,0.76,1.97,0,0,0.96,1.39,0,13.11,0.75,0.6,0.92,0,2.13,0,9,0,0,0.44,0,4.78,0,3.45,0,0.92,0,0.88,2.6,3.82,0,0,2.55,1.75,0,0,0.75,0,1.4,0.82,0,1.13,0,0,0,8.31,0,0,0,0,0,0.73,2.79,0,0,0.73,0,0,1.55,0,0,0.63,1.26,0,1.15,2.85,0.85,1.35,1.06,1.36,0,0,0,0,0.64,0,0
2020-05-31,0,0,0.53,0.88,0,0.69,1.03,0,2.7,0.86,0.94,2.11,0,1.2,4.65,0,0,0,0,0,0.81,0.77,0,0,0.69,0.76,1.97,0,0,0.96,1.39,0,13.11,0.75,0.6,0.92,0,2.13,0,9,0,0,0.44,0,4.78,0,3.45,0,0.92,0,0.88,2.6,3.82,0,0,2.55,1.75,0,0,0.75,0,1.4,0.82,0,1.13,0,0,0,8.31,0,0,0,0,0,0.73,2.79,0,0,0.73,0,0,1.55,0,0,0.63,1.26,0,1.15,2.85,0.85,1.35,1.06,1.36,0,0,0,0,0.64,0,0
2020-06-30,0,0,0.53,0.88,0,0.69,1.03,0,2.7,0.86,0.94,2.11,0,1.2,4.65,0,0,0,0,0,0.81,0.77,0,0,0.69,0.76,1.97,0,0,0.96,1.39,0,13.11,0.75,0.6,0.92,0,2.13,0,9,0,0,0.44,0,4.78,0,3.45,0,0.92,0,0.88,2.6,3.82,0,0,2.55,1.75,0,0,0.75,0,1.4,0.82,0,1.13,0,0,0,8.31,0,0,0,0,0,0.73,2.79,0,0,0.73,0,0,1.55,0,0,0.63,1.26,0,1.15,2.85,0.85,1.35,1.06,1.36,0,0,0,0,0.64,0,0
2020-07-31,0,0,0.53,0.88,0,0.69,1.03,0,2.7,0.86,0.94,2.11,0,1.2,4.65,0,0,0,0,0,0.81,0.77,0,0,0.69,0.76,1.97,0,0,0.96,1.39,0,13.11,0.75,0.6,0.92,0,2.13,0,9,0,0,0.44,0,4.78,0,3.45,0,0.92,0,0.88,2.6,3.82,0,0,2.55,1.75,0,0,0.75,0,1.4,0.82,0,1.13,0,0,0,8.31,0,0,0,0,0,0.73,2.79,0,0,0.73,0,0,1.55,0,0,0.63,1.26,0,1.15,2.85,0.85,1.35,1.06,1.36,0,0,0,0,0.64,0,0
2020-08-31,0,0,0.53,0.88,0,0.69,1.03,0,2.7,0.86,0.94,2.11,0,1.2,4.65,0,0,0,0,0,0.81,0.77,0,0,0.69,0.76,1.97,0,0,0.96,1.39,0,13.11,0.75,0.6,0.92,0,2.13,0,9,0,0,0.44,0,4.78,0,3.45,0,0.92,0,0.88,2.6,3.82,0,0,2.55,1.75,0,0,0.75,0,1.4,0.82,0,1.13,0,0,0,8.31,0,0,0,0,0,0.73,2.79,0,0,0.73,0,0,1.55,0,0,0.63,1.26,0,1.15,2.85,0.85,1.35,1.06,1.36,0,0,0,0,0.64,0,0
2020-09-30,0,0,0.53,0.88,0,0.69,1.03,0,2.7,0.86,0.94,2.11,0,1.2,4.65,0,0,0,0,0,0.81,0.77,0,0,0.69,0.76,1.97,0,0,0.96,1.39,0,13.11,0.75,0.6,0.92,0,2.13,0,9,0,0,0.44,0,4.78,0,3.45,0,0.92,0,0.88,2.6,3.82,0,0,2.55,1.75,0,0,0.75,0,1.4,0.82,0,1.13,0,0,0,8.31,0,0,0,0,0,0.73,2.79,0,0,0.73,0,0,1.55,0,0,0.63,1.26,0,1.15,2.85,0.85,1.35,1.06,1.36,0,0,0,0,0.64,0,0
2020-10-31,0,0,0.53,0.88,0,0.69,1.03,0,2.7,0.86,0.94,2.11,0,1.2,4.65,0,0,0,0,0,0.81,0.77,0,0,0.69,0.76,1.97,0,0,0.96,1.39,0,13.11,0.75,0.6,0.92,0,2.13,0,9,0,0,0.44,0,4.78,0,3.45,0,0.92,0,0.88,2.6,3.82,0,0,2.55,1.75,0,0,0.75,0,1.4,0.82,0,1.13,0,0,0,8.31,0,0,0,0,0,0.73,2.79,0,0,0.73,0,0,1.55,0,0,0.63,1.26,0,1.15,2.85,0.85,1.35,1.06,1.36,0,0,0,0,0.64,0,0
2020-11-30,0,0,0.53,0.88,0,0.69,1.03,0,2.7,0.86,0.94,2.11,0,1.2,4.65,0,0,0,0,0,0.81,0.77,0,0,0.69,0.76,1.97,0,0,0.96,1.39,0,13.11,0.75,0.6,0.92,0,2.13,0,9,0,0,0.44,0,4.78,0,3.45,0,0.92,0,0.88,2.6,3.82,0,0,2.55,1.75,0,0,0.75,0,1.4,0.82,0,1.13,0,0,0,8.31,0,0,0,0,0,0.73,2.79,0,0,0.73,0,0,1.55,0,0,0.63,1.26,0,1.15,2.85,0.85,1.35,1.06,1.36,0,0,0,0,0.64,0,0
2020-12-31,0,0,0.53,0.88,0,0.69,1.03,0,2.7,0.86,0.94,2.11,0,1.2,4.65,0,0,0,0,0,0.81,0.77,0,0,0.69,0.76,1.97,0,0,0.96,1.39,0,13.11,0.75,0.6,0.92,0,2.13,0,9,0,0,0.44,0,4.78,0,3.45,0,0.92,0,0.88,2.6,3.82,0,0,2.55,1.75,0,0,0.75,0,1.4,0.82,0,1.13,0,0,0,8.31,0,0,0,0,0,0.73,2.79,0,0,0.73,0,0,1.55,0,0,0.63,1.26,0,1.15,2.85,0.85,1.35,1.06,1.36,0,0,0,0,0.64,0,0
2021-01-31,0,0,0.53,0.88,0,0.69,1.03,0,2.7,0.86,0.94,2.11,0,1.2,4.65,0,0,0,0,0,0.81,0.77,0,0,0.69,0.76,1.97,0,0,0.96,1.39,0,13.11,0.75,0.6,0.92,0,2.13,0,9,0,0,0.44,0,4.78,0,3.45,0,0.92,0,0.88,2.6,3.82,0,0,2.55,1.75,0,0,0.75,0,1.4,0.82,0,1.13,0,0,0,8.31,0,0,0,0,0,0.73,2.79,0,0,0.73,0,0,1.55,0,0,0.63,1.26,0,1.15,2.85,0.85,1.35,1.06,1.36,0,0,0,0,0.64,0,0
2021-02-28,0,0,0.53,0.88,0,0.69,1.03,0,2.7,0.86,0.94,2.11,0,1.2,4.65,0,0,0,0,0,0.81,0.77,0,0,0.69,0.76,1.97,0,0,0.96,1.39,0,13.11,0.75,0.6,0.92,0,2.13,0,9,0,0,0.44,0,4.78,0,3.45,0,0.92,0,0.88,2.6,3.82,0,0,2.55,1.75,0,0,0.75,0,1.4,0.82,0,1.13,0,0,0,8.31,0,0,0,0,0,0.73,2.79,0,0,0.73,0,0,1.55,0,0,0.63,1.26,0,1.15,2.85,0.85,1.35,1.06,1.36,0,0,0,0,0.64,0,0
2021-03-31,0,0,0.53,0.88,0,0.69,1.03,0,2.7,0.86,0.94,2.11,0,1.2,4.65,0,0,0,0,0,0.81,0.77,0,0,0.69,0.76,1.97,0,0,0.96,1.39,0,13.11,0.75,0.6,0.92,0,2.13,0,9,0,0,0.44,0,4.78,0,3.45,0,0.92,0,0.88,2.6,3.82,0,0,2.55,1.75,0,0,0.75,0,1.4,0.82,0,1.13,0,0,0,8.31,0,0,0,0,0,0.73,2.79,0,0,0.73,0,0,1.55,0,0,0.63,1.26,0,1.15,2.85,0.85,1.35,1.06,1.36,0,0,0,0,0.64,0,0
2021-04-30,0,0,0.53,0.88,0,0.69,1.03,0,2.7,0.86,0.94,2.11,0,1.2,4.65,0,0,0,0,0,0.81,0.77,0,0,0.69,0.76,1.97,0,0,0.96,1.39,0,13.11,0.75,0.6,0.92,0,2.13,0,9,0,0,0.44,0,4.78,0,3.45,0,0.92,0,0.88,2.6,3.82,0,0,2.55,1.75,0,0,0.75,0,1.4,0.82,0,1.13,0,0,0,8.31,0,0,0,0,0,0.73,2.79,0,0,0.73,0,0,1.55,0,0,0.63,1.26,0,1.15,2.85,0.85,1.35,1.06,1.36,0,0,0,0,0.64,0,0
2021-05-31,0,0,0.53,0.88,0,0.69,1.03,0,2.7,0.86,0.94,2.11,0,1.2,4.65,0,0,0,0,0,0.81,0.77,0,0,0.69,0.76,1.97,0,0,0.96,1.39,0,13.11,0.75,0.6,0.92,0,2.13,0,9,0,0,0.44,0,4.78,0,3.45,0,0.92,0,0.88,2.6,3.82,0,0,2.55,1.75,0,0,0.75,0,1.4,0.82,0,1.13,0,0,0,8.31,0,0,0,0,0,0.73,2.79,0,0,0.73,0,0,1.55,0,0,0.63,1.26,0,1.15,2.85,0.85,1.35,1.06,1.36,0,0,0,0,0.64,0,0
2021-06-30,0,0,0.53,0.88,0,0.69,1.03,0,2.7,0.86,0.94,2.11,0,1.2,4.65,0,0,0,0,0,0.81,0.77,0,0,0.69,0.76,1.97,0,0,0.96,1.39,0,13.11,0.75,0.6,0.92,0,2.13,0,9,0,0,0.44,0,4.78,0,3.45,0,0.92,0,0.88,2.6,3.82,0,0,2.55,1.75,0,0,0.75,0,1.4,0.82,0,1.13,0,0,0,8.31,0,0,0,0,0,0.73,2.79,0,0,0.73,0,0,1.55,0,0,0.63,1.26,0,1.15,2.85,0.85,1.35,1.06,1.36,0,0,0,0,0.64,0,0
2021-07-31,0,0,0.53,0.88,0,0.69,1.03,0,2.7,0.86,0.94,2.11,0,1.2,4.65,0,0,0,0,0,0.81,0.77,0,0,0.69,0.76,1.97,0,0,0.96,1.39,0,13.11,0.75,0.6,0.92,0,2.13,0,9,0,0,0.44,0,4.78,0,3.45,0,0.92,0,0.88,2.6,3.82,0,0,2.55,1.75,0,0,0.75,0,1.4,0.82,0,1.13,0,0,0,8.31,0,0,0,0,0,0.73,2.79,0,0,0.73,0,0,1.55,0,0,0.63,1.26,0,1.15,2.85,0.85,1.35,1.06,1.36,0,0,0,0,0.64,0,0
2021-08-31,0,0,0.53,0.88,0,0.69,1.03,0,2.7,0.86,0.94,2.11,0,1.2,4.65,0,0,0,0,0,0.81,0.77,0,0,0.69,0.76,1.97,0,0,0.96,1.39,0,13.11,0.75,0.6,0.92,0,2.13,0,9,0,0,0.44,0,4.78,0,3.45,0,0.92,0,0.88,2.6,3.82,0,0,2.55,1.75,0,0,0.75,0,1.4,0.82,0,1.13,0,0,0,8.31,0,0,0,0,0,0.73,2.79,0,0,0.73,0,0,1.55,0,0,0.63,1.26,0,1.15,2.85,0.85,1.35,1.06,1.36,0,0,0,0,0.64,0,0
2021-09-30,0,0,0.53,0.88,0,0.69,1.03,0,2.7,0.86,0.94,2.11,0,1.2,4.65,0,0,0,0,0,0.81,0.77,0,0,0.69,0.76,1.97,0,0,0.96,1.39,0,13.11,0.75,0.6,0.92,0,2.13,0,9,0,0,0.44,0,4.78,0,3.45,0,0.92,0,0.88,2.6,3.82,0,0,2.55,1.75,0,0,0.75,0,1.4,0.82,0,1.13,0,0,0,8.31,0,0,0,0,0,0.73,2.79,0,0,0.73,0,0,1.55,0,0,0.63,1.26,0,1.15,2.85,0.85,1.35,1.06,1.36,0,0,0,0,0.64,0,0
2021-10-31,0,0,0.53,0.88,0,0.69,1.03,0,2.7,0.86,0.94,2.11,0,1.2,4.65,0,0,0,0,0,0.81,0.77,0,0,0.69,0.76,1.97,0,0,0.96,1.39,0,13.11,0.75,0.6,0.92,0,2.13,0,9,0,0,0.44,0,4.78,0,3.45,0,0.92,0,0.88,2.6,3.82,0,0,2.55,1.75,0,0,0.75,0,1.4,0.82,0,1.13,0,0,0,8.31,0,0,0,0,0,0.73,2.79,0,0,0.73,0,0,1.55,0,0,0.63,1.26,0,1.15,2.85,0.85,1.35,1.06,1.36,0,0,0,0,0.64,0,0
2021-11-30,0,0,0.53,0.88,0,0.69,1.03,0,2.7,0.86,0.94,2.11,0,1.2,4.65,0,0,0,0,0,0.81,0.77,0,0,0.69,0.76,1.97,0,0,0.96,1.39,0,13.11,0.75,0.6,0.92,0,2.13,0,9,0,0,0.44,0,4.78,0,3.45,0,0.92,0,0.88,2.6,3.82,0,0,2.55,1.75,0,0,0.75,0,1.4,0.82,0,1.13,0,0,0,8.31,0,0,0,0,0,0.73,2.79,0,0,0.73,0,0,1.55,0,0,0.63,1.26,0,1.15,2.85,0.85,1.35,1.06,1.36,0,0,0,0,0.64,0,0
2021-12-31,0,0,0.53,0.88,0,0.69,1.03,0,2.7,0.86,0.94,2.11,0,1.2,4.65,0,0,0,0,0,0.81,0.77,0,0,0.69,0.76,1.97,0,0,0.96,1.39,0,13.11,0.75,0.6,0.92,0,2.13,0,9,0,0,0.44,0,4.78,0,3.45,0,0.92,0,0.88,2.6,3.82,0,0,2.55,1.75,0,0,0.75,0,1.4,0.82,0,1.13,0,0,0,8.31,0,0,0,0,0,0.73,2.79,0,0,0.73,0,0,1.55,0,0,0.63,1.26,0,1.15,2.85,0.85,1.35,1.06,1.36,0,0,0,0,0.64,0,0
2022-01-31,0,0,0.53,0.88,0,0.69,1.03,0,2.7,0.86,0.94,2.11,0,1.2,4.65,0,0,0,0,0,0.81,0.77,0,0,0.69,0.76,1.97,0,0,0.96,1.39,0,13.11,0.75,0.6,0.92,0,2.13,0,9,0,0,0.44,0,4.78,0,3.45,0,0.92,0,0.88,2.6,3.82,0,0,2.55,1.75,0,0,0.75,0,1.4,0.82,0,1.13,0,0,0,8.31,0,0,0,0,0,0.73,2.79,0,0,0.73,0,0,1.55,0,0,0.63,1.26,0,1.15,2.85,0.85,1.35,1.06,1.36,0,0,0,0,0.64,0,0
2022-02-28,0,0,0.53,0.88,0,0.69,1.03,0,2.7,0.86,0.94,2.11,0,1.2,4.65,0,0,0,0,0,0.81,0.77,0,0,0.69,0.76,1.97,0,0,0.96,1.39,0,13.11,0.75,0.6,0.92,0,2.13,0,9,0,0,0.44,0,4.78,0,3.45,0,0.92,0,0.88,2.6,3.82,0,0,2.55,1.75,0,0,0.75,0,1.4,0.82,0,1.13,0,0,0,8.31,0,0,0,0,0,0.73,2.79,0,0,0.73,0,0,1.55,0,0,0.63,1.26,0,1.15,2.85,0.85,1.35,1.06,1.36,0,0,0,0,0.64,0,0
2022-03-31,0,0,0.53,0.88,0,0.69,1.03,0,2.7,0.86,0.94,2.11,0,1.2,4.65,0,0,0,0,0,0.81,0.77,0,0,0.69,0.76,1.97,0,0,0.96,1.39,0,13.11,0.75,0.6,0.92,0,2.13,0,9,0,0,0.44,0,4.78,0,3.45,0,0.92,0,0.88,2.6,3.82,0,0,2.55,1.75,0,0,0.75,0,1.4,0.82,0,1.13,0,0,0,8.31,0,0,0,0,0,0.73,2.79,0,0,0.73,0,0,1.55,0,0,0.63,1.26,0,1.15,2.85,0.85,1.35,1.06,1.36,0,0,0,0,0.64,0,0
2022-04-30,0,0,0.53,0.88,0,0.69,1.03,0,2.7,0.86,0.94,2.11,0,1.2,4.65,0,0,0,0,0,0.81,0.77,0,0,0.69,0.76,1.97,0,0,0.96,1.39,0,13.11,0.75,0.6,0.92,0,2.13,0,9,0,0,0.44,0,4.78,0,3.45,0,0.92,0,0.88,2.6,3.82,0,0,2.55,1.75,0,0,0.75,0,1.4,0.82,0,1.13,0,0,0,8.31,0,0,0,0,0,0.73,2.79,0,0,0.73,0,0,1.55,0,0,0.63,1.26,0,1.15,2.85,0.85,1.35,1.06,1.36,0,0,0,0,0.64,0,0
2022-05-31,0,0,0.53,0.88,0,0.69,1.03,0,2.7,0.86,0.94,2.11,0,1.2,4.65,0,0,0,0,0,0.81,0.77,0,0,0.69,0.76,1.97,0,0,0.96,1.39,0,13.11,0.75,0.6,0.92,0,2.13,0,9,0,0,0.44,0,4.78,0,3.45,0,0.92,0,0.88,2.6,3.82,0,0,2.55,1.75,0,0,0.75,0,1.4,0.82,0,1.13,0,0,0,8.31,0,0,0,0,0,0.73,2.79,0,0,0.73,0,0,1.55,0,0,0.63,1.26,0,1.15,2.85,0.85,1.35,1.06,1.36,0,0,0,0,0.64,0,0
2022-06-30,0,0,0.53,0.88,0,0.69,1.03,0,2.7,0.86,0.94,2.11,0,1.2,4.65,0,0,0,0,0,0.81,0.77,0,0,0.69,0.76,1.97,0,0,0.96,1.39,0,13.11,0.75,0.6,0.92,0,2.13,0,9,0,0,0.44,0,4.78,0,3.45,0,0.92,0,0.88,2.6,3.82,0,0,2.55,1.75,0,0,0.75,0,1.4,0.82,0,1.13,0,0,0,8.31,0,0,0,0,0,0.73,2.79,0,0,0.73,0,0,1.55,0,0,0.63,1.26,0,1.15,2.85,0.85,1.35,1.06,1.36,0,0,0,0,0.64,0,0
2022-07-31,0,0,0.53,0.88,0,0.69,1.03,0,2.7,0.86,0.94,2.11,0,1.2,4.65,0,0,0,0,0,0.81,0.77,0,0,0.69,0.76,1.97,0,0,0.96,1.39,0,13.11,0.75,0.6,0.92,0,2.13,0,9,0,0,0.44,0,4.78,0,3.45,0,0.92,0,0.88,2.6,3.82,0,0,2.55,1.75,0,0,0.75,0,1.4,0.82,0,1.13,0,0,0,8.31,0,0,0,0,0,0.73,2.79,0,0,0.73,0,0,1.55,0,0,0.63,1.26,0,1.15,2.85,0.85,1.35,1.06,1.36,0,0,0,0,0.64,0,0
2022-08-31,0,0,0.53,0.88,0,0.69,1.03,0,2.7,0.86,0.94,2.11,0,1.2,4.65,0,0,0,0,0,0.81,0.77,0,0,0.69,0.76,1.97,0,0,0.96,1.39,0,13.11,0.75,0.6,0.92,0,2.13,0,9,0,0,0.44,0,4.78,0,3.45,0,0.92,0,0.88,2.6,3.82,0,0,2.55,1.75,0,0,0.75,0,1.4,0.82,0,1.13,0,0,0,8.31,0,0,0,0,0,0.73,2.79,0,0,0.73,0,0,1.55,0,0,0.63,1.26,0,1.15,2.85,0.85,1.35,1.06,1.36,0,0,0,0,0.64,0,0
2022-09-30,0,0,0.53,0.88,0,0.69,1.03,0,2.7,0.86,0.94,2.11,0,1.2,4.65,0,0,0,0,0,0.81,0.77,0,0,0.69,0.76,1.97,0,0,0.96,1.39,0,13.11,0.75,0.6,0.92,0,2.13,0,9,0,0,0.44,0,4.78,0,3.45,0,0.92,0,0.88,2.6,3.82,0,0,2.55,1.75,0,0,0.75,0,1.4,0.82,0,1.13,0,0,0,8.31,0,0,0,0,0,0.73,2.79,0,0,0.73,0,0,1.55,0,0,0.63,1.26,0,1.15,2.85,0.85,1.35,1.06,1.36,0,0,0,0,0.64,0,0
2022-10-31,0,0,0.53,0.88,0,0.69,1.03,0,2.7,0.86,0.94,2.11,0,1.2,4.65,0,0,0,0,0,0.81,0.77,0,0,0.69,0.76,1.97,0,0,0.96,1.39,0,13.11,0.75,0.6,0.92,0,2.13,0,9,0,0,0.44,0,4.78,0,3.45,0,0.92,0,0.88,2.6,3.82,0,0,2.55,1.75,0,0,0.75,0,1.4,0.82,0,1.13,0,0,0,8.31,0,0,0,0,0,0.73,2.79,0,0,0.73,0,0,1.55,0,0,0.63,1.26,0,1.15,2.85,0.85,1.35,1.06,1.36,0,0,0,0,0.64,0,0
2022-11-30,0,0,0.53,0.88,0,0.69,1.03,0,2.7,0.86,0.94,2.11,0,1.2,4.65,0,0,0,0,0,0.81,0.77,0,0,0.69,0.76,1.97,0,0,0.96,1.39,0,13.11,0.75,0.6,0.92,0,2.13,0,9,0,0,0.44,0,4.78,0,3.45,0,0.92,0,0.88,2.6,3.82,0,0,2.55,1.75,0,0,0.75,0,1.4,0.82,0,1.13,0,0,0,8.31,0,0,0,0,0,0.73,2.79,0,0,0.73,0,0,1.55,0,0,0.63,1.26,0,1.15,2.85,0.85,1.35,1.06,1.36,0,0,0,0,0.64,0,0
2022-12-31,0,0,0.53,0.88,0,0.69,1.03,0,2.7,0.86,0.94,2.11,0,1.2,4.65,0,0,0,0,0,0.81,0.77,0,0,0.69,0.76,1.97,0,0,0.96,1.39,0,13.11,0.75,0.6,0.92,0,2.13,0,9,0,0,0.44,0,4.78,0,3.45,0,0.92,0,0.88,2.6,3.82,0,0,2.55,1.75,0,0,0.75,0,1.4,0.82,0,1.13,0,0,0,8.31,0,0,0,0,0,0.73,2.79,0,0,0.73,0,0,1.55,0,0,0.63,1.26,0,1.15,2.85,0.85,1.35,1.06,1.36,0,0,0,0,0.64,0,0
2023-01-31,0,0,0.53,0.88,0,0.69,1.03,0,2.7,0.86,0.94,2.11,0,1.2,4.65,0,0,0,0,0,0.81,0.77,0,0,0.69,0.76,1.97,0,0,0.96,1.39,0,13.11,0.75,0.6,0.92,0,2.13,0,9,0,0,0.44,0,4.78,0,3.45,0,0.92,0,0.88,2.6,3.82,0,0,2.55,1.75,0,0,0.75,0,1.4,0.82,0,1.13,0,0,0,8.31,0,0,0,0,0,0.73,2.79,0,0,0.73,0,0,1.55,0,0,0.63,1.26,0,1.15,2.85,0.85,1.35,1.06,1.36,0,0,0,0,0.64,0,0
2023-02-28,0,0,0.53,0.88,0,0.69,1.03,0,2.7,0.86,0.94,2.11,0,1.2,4.65,0,0,0,0,0,0.81,0.77,0,0,0.69,0.76,1.97,0,0,0.96,1.39,0,13.11,0.75,0.6,0.92,0,2.13,0,9,0,0,0.44,0,4.78,0,3.45,0,0.92,0,0.88,2.6,3.82,0,0,2.55,1.75,0,0,0.75,0,1.4,0.82,0,1.13,0,0,0,8.31,0,0,0,0,0,0.73,2.79,0,0,0.73,0,0,1.55,0,0,0.63,1.26,0,1.15,2.85,0.85,1.35,1.06,1.36,0,0,0,0,0.64,0,0
2023-03-31,0,0,0.53,0.88,0,0.69,1.03,0,2.7,0.86,0.94,2.11,0,1.2,4.65,0,0,0,0,0,0.81,0.77,0,0,0.69,0.76,1.97,0,0,0.96,1.39,0,13.11,0.75,0.6,0.92,0,2.13,0,9,0,0,0.44,0,4.78,0,3.45,0,0.92,0,0.88,2.6,3.82,0,0,2.55,1.75,0,0,0.75,0,1.4,0.82,0,1.13,0,0,0,8.31,0,0,0,0,0,0.73,2.79,0,0,0.73,0,0,1.55,0,0,0.63,1.26,0,1.15,2.85,0.85,1.35,1.06,1.36,0,0,0,0,0.64,0,0
2023-04-30,0,0,0.53,0.88,0,0.69,1.03,0,2.7,0.86,0.94,2.11,0,1.2,4.65,0,0,0,0,0,0.81,0.77,0,0,0.69,0.76,1.97,0,0,0.96,1.39,0,13.11,0.75,0.6,0.92,0,2.13,0,9,0,0,0.44,0,4.78,0,3.45,0,0.92,0,0.88,2.6,3.82,0,0,2.55,1.75,0,0,0.75,0,1.4,0.82,0,1.13,0,0,0,8.31,0,0,0,0,0,0.73,2.79,0,0,0.73,0,0,1.55,0,0,0.63,1.26,0,1.15,2.85,0.85,1.35,1.06,1.36,0,0,0,0,0.64,0,0
2023-05-31,0,0,0.53,0.88,0,0.69,1.03,0,2.7,0.86,0.94,2.11,0,1.2,4.65,0,0,0,0,0,0.81,0.77,0,0,0.69,0.76,1.97,0,0,0.96,1.39,0,13.11,0.75,0.6,0.92,0,2.13,0,9,0,0,0.44,0,4.78,0,3.45,0,0.92,0,0.88,2.6,3.82,0,0,2.55,1.75,0,0,0.75,0,1.4,0.82,0,1.13,0,0,0,8.31,0,0,0,0,0,0.73,2.79,0,0,0.73,0,0,1.55,0,0,0.63,1.26,0,1.15,2.85,0.85,1.35,1.06,1.36,0,0,0,0,0.64,0,0
2023-06-30,0,0,0.53,0.88,0,0.69,1.03,0,2.7,0.86,0.94,2.11,0,1.2,4.65,0,0,0,0,0,0.81,0.77,0,0,0.69,0.76,1.97,0,0,0.96,1.39,0,13.11,0.75,0.6,0.92,0,2.13,0,9,0,0,0.44,0,4.78,0,3.45,0,0.92,0,0.88,2.6,3.82,0,0,2.55,1.75,0,0,0.75,0,1.4,0.82,0,1.13,0,0,0,8.31,0,0,0,0,0,0.73,2.79,0,0,0.73,0,0,1.55,0,0,0.63,1.26,0,1.15,2.85,0.85,1.35,1.06,1.36,0,0,0,0,0.64,0,0
2023-07-31,0,0,0.53,0.88,0,0.69,1.03,0,2.7,0.86,0.94,2.11,0,1.2,4.65,0,0,0,0,0,0.81,0.77,0,0,0.69,0.76,1.97,0,0,0.96,1.39,0,13.11,0.75,0.6,0.92,0,2.13,0,9,0,0,0.44,0,4.78,0,3.45,0,0.92,0,0.88,2.6,3.82,0,0,2.55,1.75,0,0,0.75,0,1.4,0.82,0,1.13,0,0,0,8.31,0,0,0,0,0,0.73,2.79,0,0,0.73,0,0,1.55,0,0,0.63,1.26,0,1.15,2.85,0.85,1.35,1.06,1.36,0,0,0,0,0.64,0,0
2023-08-31,0,0,0.53,0.88,0,0.69,1.03,0,2.7,0.86,0.94,2.11,0,1.2,4.65,0,0,0,0,0,0.81,0.77,0,0,0.69,0.76,1.97,0,0,0.96,1.39,0,13.11,0.75,0.6,0.92,0,2.13,0,9,0,0,0.44,0,4.78,0,3.45,0,0.92,0,0.88,2.6,3.82,0,0,2.55,1.75,0,0,0.75,0,1.4,0.82,0,1.13,0,0,0,8.31,0,0,0,0,0,0.73,2.79,0,0,0.73,0,0,1.55,0,0,0.63,1.26,0,1.15,2.85,0.85,1.35,1.06,1.36,0,0,0,0,0.64,0,0
2023-09-30,0,0,0.53,0.88,0,0.69,1.03,0,2.7,0.86,0.94,2.11,0,1.2,4.65,0,0,0,0,0,0.81,0.77,0,0,0.69,0.76,1.97,0,0,0.96,1.39,0,13.11,0.75,0.6,0.92,0,2.13,0,9,0,0,0.44,0,4.78,0,3.45,0,0.92,0,0.88,2.6,3.82,0,0,2.55,1.75,0,0,0.75,0,1.4,0.82,0,1.13,0,0,0,8.31,0,0,0,0,0,0.73,2.79,0,0,0.73,0,0,1.55,0,0,0.63,1.26,0,1.15,2.85,0.85,1.35,1.06,1.36,0,0,0,0,0.64,0,0
2023-10-31,0,0,0.53,0.88,0,0.69,1.03,0,2.7,0.86,0.94,2.11,0,1.2,4.65,0,0,0,0,0,0.81,0.77,0,0,0.69,0.76,1.97,0,0,0.96,1.39,0,13.11,0.75,0.6,0.92,0,2.13,0,9,0,0,0.44,0,4.78,0,3.45,0,0.92,0,0.88,2.6,3.82,0,0,2.55,1.75,0,0,0.75,0,1.4,0.82,0,1.13,0,0,0,8.31,0,0,0,0,0,0.73,2.79,0,0,0.73,0,0,1.55,0,0,0.63,1.26,0,1.15,2.85,0.85,1.35,1.06,1.36,0,0,0,0,0.64,0,0
2023-11-30,0,0,0.53,0.88,0,0.69,1.03,0,2.7,0.86,0.94,2.11,0,1.2,4.65,0,0,0,0,0,0.81,0.77,0,0,0.69,0.76,1.97,0,0,0.96,1.39,0,13.11,0.75,0.6,0.92,0,2.13,0,9,0,0,0.44,0,4.78,0,3.45,0,0.92,0,0.88,2.6,3.82,0,0,2.55,1.75,0,0,0.75,0,1.4,0.82,0,1.13,0,0,0,8.31,0,0,0,0,0,0.73,2.79,0,0,0.73,0,0,1.55,0,0,0.63,1.26,0,1.15,2.85,0.85,1.35,1.06,1.36,0,0,0,0,0.64,0,0
2023-12-31,0,0,0.53,0.88,0,0.69,1.03,0,2.7,0.86,0.94,2.11,0,1.2,4.65,0,0,0,0,0,0.81,0.77,0,0,0.69,0.76,1.97,0,0,0.96,1.39,0,13.11,0.75,0.6,0.92,0,2.13,0,9,0,0,0.44,0,4.78,0,3.45,0,0.92,0,0.88,2.6,3.82,0,0,2.55,1.75,0,0,0.75,0,1.4,0.82,0,1.13,0,0,0,8.31,0,0,0,0,0,0.73,2.79,0,0,0.73,0,0,1.55,0,0,0.63,1.26,0,1.15,2.85,0.85,1.35,1.06,1.36,0,0,0,0,0.64,0,0
2024-01-31,0,0,0.53,0.88,0,0.69,1.03,0,2.7,0.86,0.94,2.11,0,1.2,4.65,0,0,0,0,0,0.81,0.77,0,0,0.69,0.76,1.97,0,0,0.96,1.39,0,13.11,0.75,0.6,0.92,0,2.13,0,9,0,0,0.44,0,4.78,0,3.45,0,0.92,0,0.88,2.6,3.82,0,0,2.55,1.75,0,0,0.75,0,1.4,0.82,0,1.13,0,0,0,8.31,0,0,0,0,0,0.73,2.79,0,0,0.73,0,0,1.55,0,0,0.63,1.26,0,1.15,2.85,0.85,1.35,1.06,1.36,0,0,0,0,0.64,0,0
2024-02-29,0,0,0.53,0.88,0,0.69,1.03,0,2.7,0.86,0.94,2.11,0,1.2,4.65,0,0,0,0,0,0.81,0.77,0,0,0.69,0.76,1.97,0,0,0.96,1.39,0,13.11,0.75,0.6,0.92,0,2.13,0,9,0,0,0.44,0,4.78,0,3.45,0,0.92,0,0.88,2.6,3.82,0,0,2.55,1.75,0,0,0.75,0,1.4,0.82,0,1.13,0,0,0,8.31,0,0,0,0,0,0.73,2.79,0,0,0.73,0,0,1.55,0,0,0.63,1.26,0,1.15,2.85,0.85,1.35,1.06,1.36,0,0,0,0,0.64,0,0
2024-03-31,0,0,0.53,0.88,0,0.69,1.03,0,2.7,0.86,0.94,2.11,0,1.2,4.65,0,0,0,0,0,0.81,0.77,0,0,0.69,0.76,1.97,0,0,0.96,1.39,0,13.11,0.75,0.6,0.92,0,2.13,0,9,0,0,0.44,0,4.78,0,3.45,0,0.92,0,0.88,2.6,3.82,0,0,2.55,1.75,0,0,0.75,0,1.4,0.82,0,1.13,0,0,0,8.31,0,0,0,0,0,0.73,2.79,0,0,0.73,0,0,1.55,0,0,0.63,1.26,0,1.15,2.85,0.85,1.35,1.06,1.36,0,0,0,0,0.64,0,0
2024-04-30,0,0,0.53,0.88,0,0.69,1.03,0,2.7,0.86,0.94,2.11,0,1.2,4.65,0,0,0,0,0,0.81,0.77,0,0,0.69,0.76,1.97,0,0,0.96,1.39,0,13.11,0.75,0.6,0.92,0,2.13,0,9,0,0,0.44,0,4.78,0,3.45,0,0.92,0,0.88,2.6,3.82,0,0,2.55,1.75,0,0,0.75,0,1.4,0.82,0,1.13,0,0,0,8.31,0,0,0,0,0,0.73,2.79,0,0,0.73,0,0,1.55,0,0,0.63,1.26,0,1.15,2.85,0.85,1.35,1.06,1.36,0,0,0,0,0.64,0,0
2024-05-31,0,0,0.53,0.88,0,0.69,1.03,0,2.7,0.86,0.94,2.11,0,1.2,4.65,0,0,0,0,0,0.81,0.77,0,0,0.69,0.76,1.97,0,0,0.96,1.39,0,13.11,0.75,0.6,0.92,0,2.13,0,9,0,0,0.44,0,4.78,0,3.45,0,0.92,0,0.88,2.6,3.82,0,0,2.55,1.75,0,0,0.75,0,1.4,0.82,0,1.13,0,0,0,8.31,0,0,0,0,0,0.73,2.79,0,0,0.73,0,0,1.55,0,0,0.63,1.26,0,1.15,2.85,0.85,1.35,1.06,1.36,0,0,0,0,0.64,0,0
2024-06-30,0,0,0.53,0.88,0,0.69,1.03,0,2.7,0.86,0.94,2.11,0,1.2,4.65,0,0,0,0,0,0.81,0.77,0,0,0.69,0.76,1.97,0,0,0.96,1.39,0,13.11,0.75,0.6,0.92,0,2.13,0,9,0,0,0.44,0,4.78,0,3.45,0,0.92,0,0.88,2.6,3.82,0,0,2.55,1.75,0,0,0.75,0,1.4,0.82,0,1.13,0,0,0,8.31,0,0,0,0,0,0.73,2.79,0,0,0.73,0,0,1.55,0,0,0.63,1.26,0,1.15,2.85,0.85,1.35,1.06,1.36,0,0,0,0,0.64,0,0
2024-07-31,0,0,0.53,0.88,0,0.69,1.03,0,2.7,0.86,0.94,2.11,0,1.2,4.65,0,0,0,0,0,0.81,0.77,0,0,0.69,0.76,1.97,0,0,0.96,1.39,0,13.11,0.75,0.6,0.92,0,2.13,0,9,0,0,0.44,0,4.78,0,3.45,0,0.92,0,0.88,2.6,3.82,0,0,2.55,1.75,0,0,0.75,0,1.4,0.82,0,1.13,0,0,0,8.31,0,0,0,0,0,0.73,2.79,0,0,0.73,0,0,1.55,0,0,0.63,1.26,0,1.15,2.85,0.85,1.35,1.06,1.36,0,0,0,0,0.64,0,0
2024-08-31,0,0,0.53,0.88,0,0.69,1.03,0,2.7,0.86,0.94,2.11,0,1.2,4.65,0,0,0,0,0,0.81,0.77,0,0,0.69,0.76,1.97,0,0,0.96,1.39,0,13.11,0.75,0.6,0.92,0,2.13,0,9,0,0,0.44,0,4.78,0,3.45,0,0.92,0,0.88,2.6,3.82,0,0,2.55,1.75,0,0,0.75,0,1.4,0.82,0,1.13,0,0,0,8.31,0,0,0,0,0,0.73,2.79,0,0,0.73,0,0,1.55,0,0,0.63,1.26,0,1.15,2.85,0.85,1.35,1.06,1.36,0,0,0,0,0.64,0,0
2024-09-30,0,0,0.53,0.88,0,0.69,1.03,0,2.7,0.86,0.94,2.11,0,1.2,4.65,0,0,0,0,0,0.81,0.77,0,0,0.69,0.76,1.97,0,0,0.96,1.39,0,13.11,0.75,0.6,0.92,0,2.13,0,9,0,0,0.44,0,4.78,0,3.45,0,0.92,0,0.88,2.6,3.82,0,0,2.55,1.75,0,0,0.75,0,1.4,0.82,0,1.13,0,0,0,8.31,0,0,0,0,0,0.73,2.79,0,0,0.73,0,0,1.55,0,0,0.63,1.26,0,1.15,2.85,0.85,1.35,1.06,1.36,0,0,0,0,0.64,0,0
2024-10-31,0,0,0.53,0.88,0,0.69,1.03,0,2.7,0.86,0.94,2.11,0,1.2,4.65,0,0,0,0,0,0.81,0.77,0,0,0.69,0.76,1.97,0,0,0.96,1.39,0,13.11,0.75,0.6,0.92,0,2.13,0,9,0,0,0.44,0,4.78,0,3.45,0,0.92,0,0.88,2.6,3.82,0,0,2.55,1.75,0,0,0.75,0,1.4,0.82,0,1.13,0,0,0,8.31,0,0,0,0,0,0.73,2.79,0,0,0.73,0,0,1.55,0,0,0.63,1.26,0,1.15,2.85,0.85,1.35,1.06,1.36,0,0,0,0,0.64,0,0
2024-11-30,0,0,0.53,0.88,0,0.69,1.03,0,2.7,0.86,0.94,2.11,0,1.2,4.65,0,0,0,0,0,0.81,0.77,0,0,0.69,0.76,1.97,0,0,0.96,1.39,0,13.11,0.75,0.6,0.92,0,2.13,0,9,0,0,0.44,0,4.78,0,3.45,0,0.92,0,0.88,2.6,3.82,0,0,2.55,1.75,0,0,0.75,0,1.4,0.82,0,1.13,0,0,0,8.31,0,0,0,0,0,0.73,2.79,0,0,0.73,0,0,1.55,0,0,0.63,1.26,0,1.15,2.85,0.85,1.35,1.06,1.36,0,0,0,0,0.64,0,0
2024-12-31,0,0,0.53,0.88,0,0.69,1.03,0,2.7,0.86,0.94,2.11,0,1.2,4.65,0,0,0,0,0,0.81,0.77,0,0,0.69,0.76,1.97,0,0,0.96,1.39,0,13.11,0.75,0.6,0.92,0,2.13,0,9,0,0,0.44,0,4.78,0,3.45,0,0.92,0,0.88,2.6,3.82,0,0,2.55,1.75,0,0,0.75,0,1.4,0.82,0,1.13,0,0,0,8.31,0,0,0,0,0,0.73,2.79,0,0,0.73,0,0,1.55,0,0,0.63,1.26,0,1.15,2.85,0.85,1.35,1.06,1.36,0,0,0,0,0.64,0,0
2025-01-31,0,0,0.53,0.88,0,0.69,1.03,0,2.7,0.86,0.94,2.11,0,1.2,4.65,0,0,0,0,0,0.81,0.77,0,0,0.69,0.76,1.97,0,0,0.96,1.39,0,13.11,0.75,0.6,0.92,0,2.13,0,9,0,0,0.44,0,4.78,0,3.45,0,0.92,0,0.88,2.6,3.82,0,0,2.55,1.75,0,0,0.75,0,1.4,0.82,0,1.13,0,0,0,8.31,0,0,0,0,0,0.73,2.79,0,0,0.73,0,0,1.55,0,0,0.63,1.26,0,1.15,2.85,0.85,1.35,1.06,1.36,0,0,0,0,0.64,0,0
2025-02-28,0,0,0.53,0.88,0,0.69,1.03,0,2.7,0.86,0.94,2.11,0,1.2,4.65,0,0,0,0,0,0.81,0.77,0,0,0.69,0.76,1.97,0,0,0.96,1.39,0,13.11,0.75,0.6,0.92,0,2.13,0,9,0,0,0.44,0,4.78,0,3.45,0,0.92,0,0.88,2.6,3.82,0,0,2.55,1.75,0,0,0.75,0,1.4,0.82,0,1.13,0,0,0,8.31,0,0,0,0,0,0.73,2.79,0,0,0.73,0,0,1.55,0,0,0.63,1.26,0,1.15,2.85,0.85,1.35,1.06,1.36,0,0,0,0,0.64,0,0
2025-03-31,0,0,0.53,0.88,0,0.69,1.03,0,2.7,0.86,0.94,2.11,0,1.2,4.65,0,0,0,0,0,0.81,0.77,0,0,0.69,0.76,1.97,0,0,0.96,1.39,0,13.11,0.75,0.6,0.92,0,2.13,0,9,0,0,0.44,0,4.78,0,3.45,0,0.92,0,0.88,2.6,3.82,0,0,2.55,1.75,0,0,0.75,0,1.4,0.82,0,1.13,0,0,0,8.31,0,0,0,0,0,0.73,2.79,0,0,0.73,0,0,1.55,0,0,0.63,1.26,0,1.15,2.85,0.85,1.35,1.06,1.36,0,0,0,0,0.64,0,0
2025-04-30,0,0,0.53,0.88,0,0.69,1.03,0,2.7,0.86,0.94,2.11,0,1.2,4.65,0,0,0,0,0,0.81,0.77,0,0,0.69,0.76,1.97,0,0,0.96,1.39,0,13.11,0.75,0.6,0.92,0,2.13,0,9,0,0,0.44,0,4.78,0,3.45,0,0.92,0,0.88,2.6,3.82,0,0,2.55,1.75,0,0,0.75,0,1.4,0.82,0,1.13,0,0,0,8.31,0,0,0,0,0,0.73,2.79,0,0,0.73,0,0,1.55,0,0,0.63,1.26,0,1.15,2.85,0.85,1.35,1.06,1.36,0,0,0,0,0.64,0,0
2025-05-31,0,0,0.53,0.88,0,0.69,1.03,0,2.7,0.86,0.94,2.11,0,1.2,4.65,0,0,0,0,0,0.81,0.77,0,0,0.69,0.76,1.97,0,0,0.96,1.39,0,13.11,0.75,0.6,0.92,0,2.13,0,9,0,0,0.44,0,4.78,0,3.45,0,0.92,0,0.88,2.6,3.82,0,0,2.55,1.75,0,0,0.75,0,1.4,0.82,0,1.13,0,0,0,8.31,0,0,0,0,0,0.73,2.79,0,0,0.73,0,0,1.55,0,0,0.63,1.26,0,1.15,2.85,0.85,1.35,1.06,1.36,0,0,0,0,0.64,0,0
2025-06-30,0,0,0.53,0.88,0,0.69,1.03,0,2.7,0.86,0.94,2.11,0,1.2,4.65,0,0,0,0,0,0.81,0.77,0,0,0.69,0.76,1.97,0,0,0.96,1.39,0,13.11,0.75,0.6,0.92,0,2.13,0,9,0,0,0.44,0,4.78,0,3.45,0,0.92,0,0.88,2.6,3.82,0,0,2.55,1.75,0,0,0.75,0,1.4,0.82,0,1.13,0,0,0,8.31,0,0,0,0,0,0.73,2.79,0,0,0.73,0,0,1.55,0,0,0.63,1.26,0,1.15,2.85,0.85,1.35,1.06,1.36,0,0,0,0,0.64,0,0
2025-07-31,0,0,0.53,0.88,0,0.69,1.03,0,2.7,0.86,0.94,2.11,0,1.2,4.65,0,0,0,0,0,0.81,0.77,0,0,0.69,0.76,1.97,0,0,0.96,1.39,0,13.11,0.75,0.6,0.92,0,2.13,0,9,0,0,0.44,0,4.78,0,3.45,0,0.92,0,0.88,2.6,3.82,0,0,2.55,1.75,0,0,0.75,0,1.4,0.82,0,1.13,0,0,0,8.31,0,0,0,0,0,0.73,2.79,0,0,0.73,0,0,1.55,0,0,0.63,1.26,0,1.15,2.85,0.85,1.35,1.06,1.36,0,0,0,0,0.64,0,0
2025-08-31,0,0,0.53,0.88,0,0.69,1.03,0,2.7,0.86,0.94,2.11,0,1.2,4.65,0,0,0,0,0,0.81,0.77,0,0,0.69,0.76,1.97,0,0,0.96,1.39,0,13.11,0.75,0.6,0.92,0,2.13,0,9,0,0,0.44,0,4.78,0,3.45,0,0.92,0,0.88,2.6,3.82,0,0,2.55,1.75,0,0,0.75,0,1.4,0.82,0,1.13,0,0,0,8.31,0,0,0,0,0,0.73,2.79,0,0,0.73,0,0,1.55,0,0,0.63,1.26,0,1.15,2.85,0.85,1.35,1.06,1.36,0,0,0,0,0.64,0,0
